TRADEDATE,HDR_TOPICID,HDR_PARTITIONID,HDR_BATCHID,HDR_MESSAGETYPE,HDR_APPLKEYSEQUENCENUMBER,HDR_OFFSETID,HDR_FRAMESN,HDR_HWMPRODUCERID,HDR_HWMSEQUENCENUMBER,MIC,MARKETCODE,EMM (*) (Tooltip),EMM (*),SYMBOLINDEX,ISIN,INSTRUMENTID,INSTRUMENTGROUPCODE,OFFICIALSEGMENT,TRADINGCURRENCY,HDR_RECEIVETIME,PRODUCETIME,CONSUMETIME,EXECUTIONID,FIRMID (*) (Tooltip),FIRMID,EVENTID,ORDEREVENTTYPE (*) (Tooltip),ORDEREVENTTYPE (*),ACCOUNTTYPEINTERNAL (*) (Tooltip),ACCOUNTTYPEINTERNAL (*),ACKPHASE (*) (Tooltip),ACKPHASE (*),ACKQUALIFIERS,ACKTYPE (*) (Tooltip),ACKTYPE (*),BOOKIN,BOOKOUTTIME,CLIENTORDERID,DARKINDICATOR,DEFERREDTRADEINDICATOR,DISPLAYEDORDERINTERACTION,SWEEPORDERINDICATOR,MINIMUMQUANTITYTYPE,STPRESTINGORDER,STPINCOMINGORDER,DISCLOSEDQUANTITYRANDOMIZATION,DISABLEDCANCELONDISCONNECTINDICATOR,RFQANSWER,RFQCONFIRMATION,CONDITIONALORDER,STPBOTHORDERS,INDICATIVEAUCTIONPRICE,INDICATIVEAUCTIONVOLUME,OESESSIONID,LPROLE (*) (Tooltip),LPROLE (*),DEAINDICATOR,INVESTMENTALGOINDICATOR,EXECUTIONALGOINDICATOR,COMMODITYDERIVATIVEINDICATOR,DEFERRALINDICATOR,FRMARAMPLP,OEGINFROMMEMBER,OEGOUTTIMETOME,ORDERID,ORDERPRIORITY,ORDERPX,ORDERQTY,ORDERSIDE (*) (Tooltip),ORDERSIDE (*),ORDERTYPE (*) (Tooltip),ORDERTYPE (*),ORIGCLIENTORDERID,STPID,TIMEINFORCE (*) (Tooltip),TIMEINFORCE (*),DISPLAYEDQTY,CROSSORDERINDICATOR,COUNTERPARTFIRMID,EXECUTIONPHASE (*),LASTSHARES,LASTTRADEDPX,LEAVESQTY,UNCROSSINGTRADE,FIRSTTRADEPRICE,PASSIVEORDER,AGGRESSIVEORDER,TRADECREATIONBYMARKETOPERATIONS,NAVTRADEEXPRESSEDINBPS,NAVTRADEEXPRESSEDINPRICECURRENCY,DEFERREDPUBLICATION,TRADETIME,TRADETYPE (*) (Tooltip),TRADETYPE (*),KILLREASON (*) (Tooltip),KILLREASON (*),BREACHEDCOLLARPRICE,COLLARREJTYPE (*),REJECTEDMESSAGE,ERRORCODE (*) (Tooltip),ERRORCODE (*),STOPQUEUEPRIORITY,COUNTERPARTYREASONTYPE (*),QUOTEINDICATOR,QUOTEREQID,LISTRANSACTIONID,WHOLESALETRADETYPE (*),SEQUENCETIME,LOGICALACCESSFLAGS_VALUE,ORDERSTATUS,AGGRESSIVEIMPLIED,RANDOMGUARANTEEDMINIMUM,ISSUINGORTENDEROFFERORDER,RANDOMPRORATA,ROUTED,REGULATORDISPLAYEDQUANTITY,ESCBMEMBERSHIP,RFCID,ISINITIATOR,EXCHANGEIOIID,TRADEUNIQUEIDENTIFIER,FTS_FREETEXT,ORDER_STOPPX,ROUTINGSTRATEGY,ORIGINALORDERTYPE (*) (Tooltip),ORIGINALORDERTYPE (*),ORDERTOLERABLEPRICE,ORDERSWEEPREASON (*) (Tooltip),ORDERSWEEPREASON (*),ORDER_PEGOFFSET,ORDER_UNDISCLOSEDPRICE,ORDER_DISCLOSEDQTY,ORDER_ORDEREXPIRATIONTIME,ORDER_ORDEREXPIRATIONDATE,ORDER_TRADINGSESSION,ORDER_STOPTRIGGEREDTIMEINFORCE,ORDER_UNDISCLOSEDICEBERGTYPE,CLEARING_CLEARINGFIRMID,CLEARING_CLIENTID,CLEARING_ACCOUNTNUMBER,CLEARING_TECHNICALORIGIN,CLEARING_OPENCLOSE,CLEARING_CLEARINGINSTRUCTION,ORDER_TRADINGCAPACITY (*) (Tooltip),ORDER_TRADINGCAPACITY (*),ORDER_MINIMUMORDERQUANTITY,ORDER_ACCOUNTTYPECROSS,NMSC_ORIGINALCLIENTIDSHORTCODE,NMSC_ORIGINALEXECWFIRMSHORTCODE,NMSC_ORIGINALINVESTDECISWFIRMSHORTCODE,NMSC_ORIGINALNONEXECBROKERSHORTCODE,MSC_EVENTCLIENTIDSHORTCODE,MSC_EVENTEXECWFIRMSHORTCODE,CF_MARKETPHASEFLAG,CF_MARGINTRADINGFLAG,CF_ACCESSFLAG,CF_TRADERID,CF_SENDERLOCATIONID,CF_DESKID,MCIF_EVENTINVESTORID,NMCIF_ORIGINALINVESTORID,ECA_CLEARINGACCOUNT,OFD_EVALUATEDPRICE,OFD_MESSAGEPRICENOTATION,OFD_FINALSYMBOLINDEX,OFD_FINALEXECUTIONID,AI_LONGCLIENTID,SCDNM_ORIGINALSHORTCODETYPE_1,SCDNM_SHORTCODEROLE_1,SCDNM_SHORTCODEROLEQUALIFIER_1,SCDNM_ORIGINALSHORTCODETYPE_2,SCDNM_SHORTCODEROLE_2,SCDNM_SHORTCODEROLEQUALIFIER_2,SCDNM_ORIGINALSHORTCODETYPE_3,SCDNM_SHORTCODEROLE_3,SCDNM_SHORTCODEROLEQUALIFIER_3,SCDNM_ORIGINALSHORTCODETYPE_4,SCDNM_SHORTCODEROLE_4,SCDNM_SHORTCODEROLEQUALIFIER_4,SCDM_EVENTSHORTCODETYPE_1,SCDM_SHORTCODEROLE_1,SCDM_SHORTCODEROLEQUALIFIER_1,SCDM_EVENTSHORTCODETYPE_2,SCDM_SHORTCODEROLE_2,SCDM_SHORTCODEROLEQUALIFIER_2,STRATEGYLINK_ORDERSIDE,STRATEGYLINK_SYMBOLINDEX,STRATEGYLINK_EXECUTIONID,STRATEGYLINK_TRADEUNIQUEIDENTIFIER,ROW_NUMBER
2024-06-13T00:00:00.000000000,2EQUFORD,55,0,12006,1752,781491728,1,27590711,12070,MTAA,MTA,1 : Cash_and_Derivative_Central_Order_Book,1,3316359,NL0011585146,783199,3A,Euronext Milan,EUR,20240613 08:47:28.218942000,20240613 08:47:26.108000000,20240613 08:47:26.209874682,0,00029546 : BNP PARIBAS FINANCIAL MARKETS,157922_3,75872727587619184,1 : New,1,2 : House,2,2 : Modify,2.0,0,0 : New_Order_Ack,0.0,20240613 08:47:26.007155289,20240613 08:47:26.007164266,1.0601496645738976e+17,N,N,N,N,N,N,N,N,N,N,N,N,N,378.9,5503.0,55834676696,,,N,N,Y,N,N,N,20240613 08:47:26.007108596,20240613 08:47:26.007151419,7969263023,1718261246007155289,430.0,80,2 : Sell,2,2 : Limit,2,106014966457389777,,0 : Day,0,80,0,,,,,80,N,N,N,N,N,N,N,N,,,,,,,,,,,,,0,,,,20240613 08:47:26.007155289,1,Y,N,N,N,N,N,,,,0,,,,,,2 : Limit,2,,,,,,,,,,,,,,,,1,,1 : Dealing_on_own_account,1,,,,1612644608,846723642.0,,,,,,,,,,,,,,,,,,,,,,,,,,,,,,,,,,,,,,,,1001
2024-06-13T00:00:00.000000000,2EQUFORD,55,0,12006,1753,781491729,1,27590711,12072,MTAA,MTA,1 : Cash_and_Derivative_Central_Order_Book,1,3316359,NL0011585146,783199,3A,Euronext Milan,EUR,20240613 08:47:34.460147000,20240613 08:47:32.584000000,20240613 08:47:32.686383873,0,00000676 : FINECOBANK S.P.A.,49020,75871593716253228,1 : New,1,1 : Client,1,2 : Modify,2.0,0,0 : New_Order_Ack,0.0,20240613 08:47:32.483468519,20240613 08:47:32.483475633,41640847322531.0,N,N,N,N,N,N,N,N,Y,N,N,N,N,378.9,5503.0,55834676432,,,N,N,N,N,N,N,20240613 08:47:32.483424632,20240613 08:47:32.483462538,7986040239,1718261252483468519,,100,1 : Buy,1,1 : Market,1,41640847322531,0.0,0 : Day,0,100,0,,,,,100,N,N,N,N,N,N,N,N,,,,,,,,,,,,,0,,,,20240613 08:47:32.483468519,1,Y,N,N,N,N,N,,,,0,,,,,,1 : Market,1,,,,,,,,,,,,,,,,1,,3 : Any_other_capacity,3,,,201529710.0,3,0.0,0.0,,,,,,,,,,,,,,,,,,,,,,,,,,,,,,,,,,,,,,,1002
2024-06-13T00:00:00.000000000,2EQUFORD,55,0,12006,1754,781491734,1,27590711,12082,MTAA,MTA,1 : Cash_and_Derivative_Central_Order_Book,1,3316359,NL0011585146,783199,3A,Euronext Milan,EUR,20240613 08:48:02.338361000,20240613 08:48:01.861000000,20240613 08:48:01.962636325,0,00010131 : DIRECTA SIM S.P.A.,130358,75873900113691025,1 : New,1,1 : Client,1,2 : Modify,2.0,0,0 : New_Order_Ack,0.0,20240613 08:48:01.760321033,20240613 08:48:01.760337613,8.265084801755231e+17,N,N,N,N,N,N,N,N,Y,N,N,N,N,378.9,5503.0,55834676969,,,Y,N,N,N,N,N,20240613 08:48:01.760226965,20240613 08:48:01.760310049,8002817455,1718261281760321033,378.9,70,1 : Buy,1,2 : Limit,2,826508480175523001,,0 : Day,0,70,0,,,,,70,N,N,N,N,N,N,N,N,,,,,,,,,,,,,0,,,,20240613 08:48:01.760321033,1,Y,N,N,N,N,N,,,,0,,,,,,2 : Limit,2,,,,,,,,,26.0,,,,,,,1,,3 : Any_other_capacity,3,,,51409.0,3,,,,,,,,,,,,,,,,,,,2.0,3.0,24.0,1.0,12.0,24.0,,,,,,,,,,,,,,,,,1003
2024-06-13T00:00:00.000000000,2EQUFORD,55,0,12006,1755,781491736,1,27590711,12086,MTAA,MTA,1 : Cash_and_Derivative_Central_Order_Book,1,3316359,NL0011585146,783199,3A,Euronext Milan,EUR,20240613 08:48:17.906830000,20240613 08:48:17.796000000,20240613 08:48:17.897932232,0,00010133 : EQUITA SIM S.P.A.,91096_1,75871658140762175,1 : New,1,1 : Client,1,2 : Modify,2.0,0,0 : New_Order_Ack,0.0,20240613 08:48:17.694967667,20240613 08:48:17.694974424,118261297000351.0,N,N,N,N,N,N,N,N,Y,N,N,N,N,378.9,5503.0,55834676447,,,N,N,N,N,N,N,20240613 08:48:17.694933535,20240613 08:48:17.694963207,8019594671,1718261297694967667,383.0,10,1 : Buy,1,2 : Limit,2,118261297000351,,0 : Day,0,10,0,,,,,10,N,N,N,N,N,N,N,N,,,,,,,,,,,,,0,,,,20240613 08:48:17.694967667,1,Y,N,N,N,N,N,,,,0,,,,,,2 : Limit,2,,,,,,,,,,,,,,135140000490,,1,,3 : Any_other_capacity,3,,,1657.0,3,,,,,,,,,,,,,,,,,,,,,,,,,,,,,,,,,,,,,,,,,1004
2024-06-13T00:00:00.000000000,2EQUFORD,55,0,12006,1758,781491741,1,27590711,12095,MTAA,MTA,1 : Cash_and_Derivative_Central_Order_Book,1,3316359,NL0011585146,783199,3A,Euronext Milan,EUR,20240613 08:48:41.527120000,20240613 08:48:41.417000000,20240613 08:48:41.518625980,0,00010122 : BANCA SELLA HOLDING S.P.A.,38565_1,75029458003689706,1 : New,1,1 : Client,1,2 : Modify,2.0,0,0 : New_Order_Ack,0.0,20240613 08:48:41.314927321,20240613 08:48:41.314931151,20240613101094.0,N,N,N,N,N,N,N,N,Y,N,N,N,N,378.9,5503.0,42949775077,,,N,N,Y,N,N,N,20240613 08:48:41.314838739,20240613 08:48:41.314896277,8036371887,1718261321314927321,,15,1 : Buy,1,1 : Market,1,20240613101094,,0 : Day,0,15,0,,,,,15,N,N,N,N,N,N,N,N,,,,,,,,,,,,,0,,,,20240613 08:48:41.314927321,1,Y,N,N,N,N,N,,,,0,,,,,,1 : Market,1,,,,,,,,,2.0,,,,,,,1,,3 : Any_other_capacity,3,,,201902104.0,300003007,,,,,,,,,,,,,,,,,,,2.0,3.0,23.0,1.0,12.0,22.0,,,,,,,,,,,,,,,,,1005
2024-06-13T00:00:00.000000000,2EQUFORD,55,0,12006,1760,781491750,1,27590711,12114,MTAA,MTA,1 : Cash_and_Derivative_Central_Order_Book,1,3316359,NL0011585146,783199,3A,Euronext Milan,EUR,20240613 08:49:06.661417000,20240613 08:49:04.816000000,20240613 08:49:04.917455314,0,00000676 : FINECOBANK S.P.A.,49020,75871593716253240,4 : Cancel,4,1 : Client,1,,,0,,,20240613 08:49:04.714925374,20240613 08:49:04.714927575,2.024061308490444e+17,N,N,N,N,N,N,N,N,Y,N,N,N,N,378.9,5503.0,55834676432,,,N,N,N,N,N,N,20240613 08:49:04.714908679,20240613 08:49:04.714920678,7415614895,1718261110644767803,383.2,20,1 : Buy,1,2 : Limit,2,41640845104253,0.0,0 : Day,0,0,0,,,,,0,N,N,N,N,N,N,N,N,,,,1 : Order_Cancelled_by_Client,1.0,,,,,,,,0,,,,20240613 08:49:04.714925374,0,N,N,N,N,N,N,,,,0,,,,,,2 : Limit,2,,,,,,,,,,,,,,,,1,,3 : Any_other_capacity,3,,,203284643.0,3,0.0,0.0,,,,,,,,,,,,,,,,,,,,,,,,,,,,,,,,,,,,,,,1006
2024-06-13T00:00:00.000000000,2EQUFORD,55,0,12006,1761,781491752,1,27590711,12117,MTAA,MTA,1 : Cash_and_Derivative_Central_Order_Book,1,3316359,NL0011585146,783199,3A,Euronext Milan,EUR,20240613 08:49:20.878628000,20240613 08:49:20.620000000,20240613 08:49:20.721947178,0,00000676 : FINECOBANK S.P.A.,49020,75871593716253242,1 : New,1,1 : Client,1,2 : Modify,2.0,0,0 : New_Order_Ack,0.0,20240613 08:49:20.518811053,20240613 08:49:20.518823283,41640849204258.0,N,N,N,N,N,N,N,N,Y,N,N,N,N,378.9,5503.0,55834676432,,,N,N,N,N,N,N,20240613 08:49:20.518785659,20240613 08:49:20.518806573,8053149103,1718261360518811053,378.5,10,1 : Buy,1,2 : Limit,2,41640849204258,0.0,0 : Day,0,10,0,,,,,10,N,N,N,N,N,N,N,N,,,,,,,,,,,,,0,,,,20240613 08:49:20.518811053,1,Y,N,N,N,N,N,,,,0,,,,,,2 : Limit,2,,,,,,,,,,,,,,,,1,,3 : Any_other_capacity,3,,,200681218.0,3,0.0,0.0,,,,,,,,,,,,,,,,,,,,,,,,,,,,,,,,,,,,,,,1007
2024-06-13T00:00:00.000000000,2EQUFORD,55,0,12006,1762,781491754,1,27590711,12122,MTAA,MTA,1 : Cash_and_Derivative_Central_Order_Book,1,3316359,NL0011585146,783199,3A,Euronext Milan,EUR,20240613 08:49:28.351257000,20240613 08:49:27.139000000,20240613 08:49:27.241167861,0,00000676 : FINECOBANK S.P.A.,49020,75871593716253244,4 : Cancel,4,1 : Client,1,,,0,,,20240613 08:49:27.038491303,20240613 08:49:27.038492991,2.024061308492742e+17,N,N,N,N,N,N,N,N,Y,N,N,N,N,378.9,5503.0,55834676432,,,N,N,N,N,N,N,20240613 08:49:27.038472476,20240613 08:49:27.038486886,8053149103,1718261360518811053,378.5,10,1 : Buy,1,2 : Limit,2,41640849204258,0.0,0 : Day,0,0,0,,,,,0,N,N,N,N,N,N,N,N,,,,1 : Order_Cancelled_by_Client,1.0,,,,,,,,0,,,,20240613 08:49:27.038491303,0,N,N,N,N,N,N,,,,0,,,,,,2 : Limit,2,,,,,,,,,,,,,,,,1,,3 : Any_other_capacity,3,,,200681218.0,3,0.0,0.0,,,,,,,,,,,,,,,,,,,,,,,,,,,,,,,,,,,,,,,1008
2024-06-13T00:00:00.000000000,2EQUFORD,55,0,12006,1763,781491755,1,27590711,12123,MTAA,MTA,1 : Cash_and_Derivative_Central_Order_Book,1,3316359,NL0011585146,783199,3A,Euronext Milan,EUR,20240613 08:49:32.615344000,20240613 08:49:31.079000000,20240613 08:49:31.181374709,0,00000676 : FINECOBANK S.P.A.,49020,75871593716253246,1 : New,1,1 : Client,1,2 : Modify,2.0,0,0 : New_Order_Ack,0.0,20240613 08:49:30.977858233,20240613 08:49:30.977866867,41640849304259.0,N,N,N,N,N,N,N,N,Y,N,N,N,N,378.9,5503.0,55834676432,,,N,N,N,N,N,N,20240613 08:49:30.977770480,20240613 08:49:30.977852426,8069926319,1718261370977858233,379.0,20,1 : Buy,1,2 : Limit,2,41640849304259,0.0,0 : Day,0,20,0,,,,,20,N,N,N,N,N,N,N,N,,,,,,,,,,,,,0,,,,20240613 08:49:30.977858233,1,Y,N,N,N,N,N,,,,0,,,,,,2 : Limit,2,,,,,,,,,,,,,,,,1,,3 : Any_other_capacity,3,,,203284643.0,3,0.0,0.0,,,,,,,,,,,,,,,,,,,,,,,,,,,,,,,,,,,,,,,1009
2024-06-13T00:00:00.000000000,2EQUFORD,55,0,12006,1764,781491759,1,27590711,12131,MTAA,MTA,1 : Cash_and_Derivative_Central_Order_Book,1,3316359,NL0011585146,783199,3A,Euronext Milan,EUR,20240613 08:49:51.869293000,20240613 08:49:50.405000000,20240613 08:49:50.507434490,0,00010131 : DIRECTA SIM S.P.A.,130358,75873900113691052,1 : New,1,1 : Client,1,2 : Modify,2.0,0,0 : New_Order_Ack,0.0,20240613 08:49:50.304680517,20240613 08:49:50.304692377,8.26508495075702e+17,N,N,N,N,N,N,N,N,Y,N,N,N,N,378.9,5503.0,55834676969,,,Y,N,N,N,N,N,20240613 08:49:50.304607610,20240613 08:49:50.304670247,8086703535,1718261390304680517,378.9,5,1 : Buy,1,2 : Limit,2,826508495075702001,,0 : Day,0,5,0,,,,,5,N,N,N,N,N,N,N,N,,,,,,,,,,,,,0,,,,20240613 08:49:50.304680517,1,Y,N,N,N,N,N,,,,0,,,,,,2 : Limit,2,,,,,,,,,26.0,,,,,,,1,,3 : Any_other_capacity,3,,,25499.0,3,,,,,,,,,,,,,,,,,,,2.0,3.0,24.0,1.0,12.0,24.0,,,,,,,,,,,,,,,,,1010
2024-06-13T00:00:00.000000000,2EQUFORD,55,0,12006,1765,781491762,1,27590711,12136,MTAA,MTA,1 : Cash_and_Derivative_Central_Order_Book,1,3316359,NL0011585146,783199,3A,Euronext Milan,EUR,20240613 08:50:00.281331000,20240613 08:49:59.705000000,20240613 08:49:59.735024868,0,00010154 : INTESA SANPAOLO S.P.A.,5032_3,75871696795467876,2 : Modify,2,1 : Client,1,2 : Modify,2.0,0,1 : Replace_Ack,1.0,20240613 08:49:59.603994122,20240613 08:49:59.604001653,118261399000275.0,N,N,N,N,N,N,N,N,Y,N,N,N,N,378.9,5503.0,55834676456,,,N,N,N,N,N,N,20240613 08:49:59.603957692,20240613 08:49:59.603988358,2013351343,1718261399603994122,384.8,200,1 : Buy,1,2 : Limit,2,118256623000144,,6 : Good_till_Date,6,200,0,,,,,200,N,N,N,N,N,N,N,N,,,,,,,,,,,,,0,,,,20240613 08:49:59.603994122,1,Y,N,N,N,N,N,,,,0,,,,,,2 : Limit,2,,,,,,,,613.0,0.0,,,,,02100,,1,,3 : Any_other_capacity,3,,,1065848268.0,3,,,1065848268.0,3.0,,,,,,,,,,,,,,,,,,,,,,,,,,,,,,,,,,,,,1011
2024-06-13T00:00:00.000000000,2EQUFORD,55,0,12006,1775,781491774,1,27590711,12156,MTAA,MTA,1 : Cash_and_Derivative_Central_Order_Book,1,3316359,NL0011585146,783199,3A,Euronext Milan,EUR,20240613 08:50:11.092438000,20240613 08:50:09.906000000,20240613 08:50:09.958400504,0,00004426 : GOLDMAN SACHS BANK EUROPE SE,642997,75872603033567241,1 : New,1,1 : Client,1,2 : Modify,2.0,0,0 : New_Order_Ack,0.0,20240613 08:50:09.805250814,20240613 08:50:09.805258723,1.7182614097982917e+18,N,N,N,N,N,N,N,N,N,N,N,N,N,378.9,5539.0,55834676667,,,Y,N,N,N,N,N,20240613 08:50:09.805237812,20240613 08:50:09.805247313,8120257967,1718261409805250814,360.0,36,2 : Sell,2,2 : Limit,2,1718261409798291582,,2 : Valid_for_Uncrossing,2,36,0,,,,,36,N,N,N,N,N,N,N,N,,,,,,,,,,,,,0,,,,20240613 08:50:09.805250814,1,Y,N,N,N,N,N,,,,0,,,1046,,,2 : Limit,2,,,,,,,,,,,,,,,,1,,3 : Any_other_capacity,3,,,2902791.0,3,,,,,,,,,,,,,,,,,,,,,,,,,,,,,,,,,,,,,,,,,1012
2024-06-13T00:00:00.000000000,2EQUFORD,55,0,12006,1776,781491775,1,27590711,12158,MTAA,MTA,1 : Cash_and_Derivative_Central_Order_Book,1,3316359,NL0011585146,783199,3A,Euronext Milan,EUR,20240613 08:50:11.092438000,20240613 08:50:09.906000000,20240613 08:50:09.958699102,0,00004426 : GOLDMAN SACHS BANK EUROPE SE,642997,75872603033567241,9 : VFA_VFC,9,1 : Client,1,2 : Modify,2.0,0,16 : VFU_VFC_Triggered_Ack,16.0,,20240613 08:50:09.805262084,1.7182614097982917e+18,N,N,N,N,N,N,N,N,N,N,N,N,N,378.9,5539.0,55834676667,,,Y,N,N,N,N,N,,,8120257967,1718261409805250814,360.0,36,2 : Sell,2,2 : Limit,2,1718261409798291582,,2 : Valid_for_Uncrossing,2,36,0,,,,,36,N,N,N,N,N,N,N,N,,,,,,,,,,,,,0,,,,20240613 08:50:09.805250814,1,Y,N,N,N,N,N,,,,0,,,1046,,,2 : Limit,2,,,,,,,,,,,,,,,,1,,3 : Any_other_capacity,3,,,2902791.0,3,,,,,,,,,,,,,,,,,,,,,,,,,,,,,,,,,,,,,,,,,1013
2024-06-13T00:00:00.000000000,2EQUFORD,55,0,12006,1777,781491777,1,27590711,12162,MTAA,MTA,1 : Cash_and_Derivative_Central_Order_Book,1,3316359,NL0011585146,783199,3A,Euronext Milan,EUR,20240613 08:50:11.092438000,20240613 08:50:10.011000000,20240613 08:50:10.077416771,0,00004398 : J.P. MORGAN SE,624871_1,75873127019577697,4 : Cancel,4,1 : Client,1,,,0,,,20240613 08:50:09.910096108,20240613 08:50:09.910097405,2057100000353.0,N,N,N,N,N,N,N,N,N,N,N,N,N,378.9,5539.0,55834676789,,,N,N,N,N,N,N,20240613 08:50:09.910078349,20240613 08:50:09.910087436,5133913519,1718258404021158742,460.0,13,2 : Sell,2,2 : Limit,2,2057100000083,,0 : Day,0,0,0,,,,,0,N,N,N,N,N,N,N,N,,,,1 : Order_Cancelled_by_Client,1.0,,,,,,,,0,,,,20240613 08:50:09.910096108,0,N,N,N,N,N,N,,,,0,,,,,,2 : Limit,2,,,,,,,,,,,,,,U8BH,,1,0.0,2 : Matched_principal,2,,,5403626.0,1414618199,0.0,,,,,,,,,,,,,,,,,,,,,,,,,,,,,,,,,,,,,,,,1014
2024-06-13T00:00:00.000000000,2EQUFORD,55,0,12006,1778,781491778,1,27590711,12163,MTAA,MTA,1 : Cash_and_Derivative_Central_Order_Book,1,3316359,NL0011585146,783199,3A,Euronext Milan,EUR,20240613 08:50:11.092438000,20240613 08:50:10.011000000,20240613 08:50:10.077573821,0,00004398 : J.P. MORGAN SE,624871_1,75873131314544992,1 : New,1,1 : Client,1,2 : Modify,2.0,0,0 : New_Order_Ack,0.0,20240613 08:50:09.918764909,20240613 08:50:09.918803258,2077100000352.0,N,N,N,N,N,N,N,N,N,N,N,N,N,378.9,5539.0,55834676790,,,N,N,N,N,N,N,20240613 08:50:09.918734713,20240613 08:50:09.918760930,8137035183,1718261409918764909,335.6,6,1 : Buy,1,2 : Limit,2,2077100000352,,0 : Day,0,6,0,,,,,6,N,N,N,N,N,N,N,N,,,,,,,,,,,,,0,,,,20240613 08:50:09.918764909,1,Y,N,N,N,N,N,,,,0,,,,,,2 : Limit,2,,,,,,,,,,,,,,U8BH,,1,0.0,2 : Matched_principal,2,,,5403626.0,1414618199,0.0,,,,,,,,,,,,,,,,,,,,,,,,,,,,,,,,,,,,,,,,1015
2024-06-13T00:00:00.000000000,2EQUFORD,55,0,12006,1779,781491779,1,27590711,12165,MTAA,MTA,1 : Cash_and_Derivative_Central_Order_Book,1,3316359,NL0011585146,783199,3A,Euronext Milan,EUR,20240613 08:50:11.092438000,20240613 08:50:10.011000000,20240613 08:50:10.077655842,0,00004398 : J.P. MORGAN SE,624871_1,75873127019577698,1 : New,1,1 : Client,1,2 : Modify,2.0,0,0 : New_Order_Ack,0.0,20240613 08:50:09.931947663,20240613 08:50:09.931951610,2057100000354.0,N,N,N,N,N,N,N,N,N,N,N,N,N,378.9,5539.0,55834676789,,,N,N,N,N,N,N,20240613 08:50:09.931923339,20240613 08:50:09.931944433,8153812399,1718261409931947663,339.9,2,1 : Buy,1,2 : Limit,2,2057100000354,,0 : Day,0,2,0,,,,,2,N,N,N,N,N,N,N,N,,,,,,,,,,,,,0,,,,20240613 08:50:09.931947663,1,Y,N,N,N,N,N,,,,0,,,,,,2 : Limit,2,,,,,,,,,,,,,,U8BH,,1,0.0,2 : Matched_principal,2,,,5403626.0,1414618199,0.0,,,,,,,,,,,,,,,,,,,,,,,,,,,,,,,,,,,,,,,,1016
2024-06-13T00:00:00.000000000,2EQUFORD,55,0,12006,1780,781491780,1,27590711,12167,MTAA,MTA,1 : Cash_and_Derivative_Central_Order_Book,1,3316359,NL0011585146,783199,3A,Euronext Milan,EUR,20240613 08:50:11.092438000,20240613 08:50:10.011000000,20240613 08:50:10.077724144,0,00004398 : J.P. MORGAN SE,624871_1,75873131314544993,1 : New,1,1 : Client,1,2 : Modify,2.0,0,0 : New_Order_Ack,0.0,20240613 08:50:09.932921605,20240613 08:50:09.932925249,2077100000353.0,N,N,N,N,N,N,N,N,N,N,N,N,N,378.9,5539.0,55834676790,,,N,N,N,N,N,N,20240613 08:50:09.932900672,20240613 08:50:09.932919167,8170589615,1718261409932921605,339.0,17,1 : Buy,1,2 : Limit,2,2077100000353,,0 : Day,0,17,0,,,,,17,N,N,N,N,N,N,N,N,,,,,,,,,,,,,0,,,,20240613 08:50:09.932921605,1,Y,N,N,N,N,N,,,,0,,,,,,2 : Limit,2,,,,,,,,,,,,,,U8BH,,1,0.0,2 : Matched_principal,2,,,5403626.0,1414618199,0.0,,,,,,,,,,,,,,,,,,,,,,,,,,,,,,,,,,,,,,,,1017
2024-06-13T00:00:00.000000000,2EQUFORD,55,0,12006,1788,781491795,1,27590711,12192,MTAA,MTA,1 : Cash_and_Derivative_Central_Order_Book,1,3316359,NL0011585146,783199,3A,Euronext Milan,EUR,20240613 08:50:15.333358000,20240613 08:50:14.305000000,20240613 08:50:14.407116623,0,00004398 : J.P. MORGAN SE,624871_1,75873127019577703,1 : New,1,1 : Client,1,2 : Modify,2.0,0,0 : New_Order_Ack,0.0,20240613 08:50:14.204301062,20240613 08:50:14.204314198,2057100000359.0,N,N,N,N,N,N,N,N,N,N,N,N,N,378.9,5539.0,55834676789,,,N,N,Y,N,N,N,20240613 08:50:14.204278476,20240613 08:50:14.204297993,8187366831,1718261414204301062,336.9,1,1 : Buy,1,2 : Limit,2,2057100000359,,0 : Day,0,1,0,,,,,1,N,N,N,N,N,N,N,N,,,,,,,,,,,,,0,,,,20240613 08:50:14.204301062,1,Y,N,N,N,N,N,,,,0,,,,,,2 : Limit,2,,,,,,,,,,,,,,RSZZ,,1,0.0,2 : Matched_principal,2,,,23523.0,1490000016,0.0,,,,,,,,,,,,,,,,,,,,,,,,,,,,,,,,,,,,,,,,1018
2024-06-13T00:00:00.000000000,2EQUFORD,55,0,12006,1789,781491796,1,27590711,12194,MTAA,MTA,1 : Cash_and_Derivative_Central_Order_Book,1,3316359,NL0011585146,783199,3A,Euronext Milan,EUR,20240613 08:50:15.333358000,20240613 08:50:14.305000000,20240613 08:50:14.407376511,0,00004398 : J.P. MORGAN SE,624871_1,75873131314545000,1 : New,1,1 : Client,1,2 : Modify,2.0,0,0 : New_Order_Ack,0.0,20240613 08:50:14.227906534,20240613 08:50:14.227912049,2077100000360.0,N,N,N,N,N,N,N,N,N,N,N,N,N,378.9,5539.0,55834676790,,,N,N,Y,N,N,N,20240613 08:50:14.227881481,20240613 08:50:14.227902767,8204144047,1718261414227906534,324.5,1,1 : Buy,1,2 : Limit,2,2077100000360,,0 : Day,0,1,0,,,,,1,N,N,N,N,N,N,N,N,,,,,,,,,,,,,0,,,,20240613 08:50:14.227906534,1,Y,N,N,N,N,N,,,,0,,,,,,2 : Limit,2,,,,,,,,,,,,,,RSZZ,,1,0.0,2 : Matched_principal,2,,,23523.0,1490000016,0.0,,,,,,,,,,,,,,,,,,,,,,,,,,,,,,,,,,,,,,,,1019
2024-06-13T00:00:00.000000000,2EQUFORD,55,0,12006,1790,781491797,1,27590711,12196,MTAA,MTA,1 : Cash_and_Derivative_Central_Order_Book,1,3316359,NL0011585146,783199,3A,Euronext Milan,EUR,20240613 08:50:15.333358000,20240613 08:50:14.596000000,20240613 08:50:14.614367405,0,00004426 : GOLDMAN SACHS BANK EUROPE SE,642997,75872555788926988,1 : New,1,1 : Client,1,2 : Modify,2.0,0,0 : New_Order_Ack,0.0,20240613 08:50:14.494680937,20240613 08:50:14.494709132,1.7182614144876972e+18,N,N,N,N,N,N,N,N,N,N,N,N,N,378.9,5539.0,55834676656,,,Y,N,N,N,N,N,20240613 08:50:14.494672122,20240613 08:50:14.494677964,8220921263,1718261414494680937,479.5,100,2 : Sell,2,2 : Limit,2,1718261414487697198,,2 : Valid_for_Uncrossing,2,100,0,,,,,100,N,N,N,N,N,N,N,N,,,,,,,,,,,,,0,,,,20240613 08:50:14.494680937,1,Y,N,N,N,N,N,,,,0,,,1062,,,2 : Limit,2,,,,,,,,,,,,,,,,1,,3 : Any_other_capacity,3,,,2902791.0,3,,,,,,,,,,,,,,,,,,,,,,,,,,,,,,,,,,,,,,,,,1020
2024-06-13T00:00:00.000000000,2EQUFORD,55,0,12006,1791,781491798,1,27590711,12198,MTAA,MTA,1 : Cash_and_Derivative_Central_Order_Book,1,3316359,NL0011585146,783199,3A,Euronext Milan,EUR,20240613 08:50:15.333358000,20240613 08:50:14.596000000,20240613 08:50:14.614582597,0,00004426 : GOLDMAN SACHS BANK EUROPE SE,642997,75872555788926988,9 : VFA_VFC,9,1 : Client,1,2 : Modify,2.0,0,16 : VFU_VFC_Triggered_Ack,16.0,,20240613 08:50:14.494711018,1.7182614144876972e+18,N,N,N,N,N,N,N,N,N,N,N,N,N,378.9,5539.0,55834676656,,,Y,N,N,N,N,N,,,8220921263,1718261414494680937,479.5,100,2 : Sell,2,2 : Limit,2,1718261414487697198,,2 : Valid_for_Uncrossing,2,100,0,,,,,100,N,N,N,N,N,N,N,N,,,,,,,,,,,,,0,,,,20240613 08:50:14.494680937,1,Y,N,N,N,N,N,,,,0,,,1062,,,2 : Limit,2,,,,,,,,,,,,,,,,1,,3 : Any_other_capacity,3,,,2902791.0,3,,,,,,,,,,,,,,,,,,,,,,,,,,,,,,,,,,,,,,,,,1021
2024-06-13T00:00:00.000000000,2EQUFORD,55,0,12006,1792,781491799,1,27590711,12199,MTAA,MTA,1 : Cash_and_Derivative_Central_Order_Book,1,3316359,NL0011585146,783199,3A,Euronext Milan,EUR,20240613 08:50:15.333358000,20240613 08:50:14.596000000,20240613 08:50:14.614665411,0,00004407 : SOCIETE GENERALE,45017_2,75870657413383406,1 : New,1,1 : Client,1,2 : Modify,2.0,0,0 : New_Order_Ack,0.0,20240613 08:50:14.560936916,20240613 08:50:14.560939376,-1.0799059861921788e+18,N,N,N,N,N,N,N,N,Y,N,N,N,N,378.9,5539.0,55834676214,,,N,N,Y,N,N,N,20240613 08:50:14.560903544,20240613 08:50:14.560932591,8237698479,1718261414560936916,394.4,1,1 : Buy,1,2 : Limit,2,-1079905986192178860,,0 : Day,0,1,0,,,,,1,N,N,N,N,N,N,N,N,,,,,,,,,,,,,0,,,,20240613 08:50:14.560936916,1,Y,N,N,N,N,N,,,,0,,,,,,2 : Limit,2,,,,,,,,,,,,,,,4.0,1,0.0,3 : Any_other_capacity,3,,,4252265.0,24888,0.0,,,,,,,,,,,,,,,,,,,,,,,,,,,,,,,,,,,,,,,,1022
2024-06-13T00:00:00.000000000,2EQUFORD,55,0,12006,1793,781491803,1,27590711,12207,MTAA,MTA,1 : Cash_and_Derivative_Central_Order_Book,1,3316359,NL0011585146,783199,3A,Euronext Milan,EUR,20240613 08:50:17.365787000,20240613 08:50:16.598000000,20240613 08:50:16.700056433,0,00004426 : GOLDMAN SACHS BANK EUROPE SE,642997,75872547198992397,1 : New,1,1 : Client,1,2 : Modify,2.0,0,0 : New_Order_Ack,0.0,20240613 08:50:16.496812689,20240613 08:50:16.496824899,1.7182614164898463e+18,N,N,N,N,N,N,N,N,N,N,N,N,N,378.9,5539.0,55834676654,,,Y,N,N,N,N,N,20240613 08:50:16.496798772,20240613 08:50:16.496809021,8254475695,1718261416496812689,327.6,100,1 : Buy,1,2 : Limit,2,1718261416489846476,,2 : Valid_for_Uncrossing,2,100,0,,,,,100,N,N,N,N,N,N,N,N,,,,,,,,,,,,,0,,,,20240613 08:50:16.496812689,1,Y,N,N,N,N,N,,,,0,,,1062,,,2 : Limit,2,,,,,,,,,,,,,,,,1,,3 : Any_other_capacity,3,,,2902791.0,3,,,,,,,,,,,,,,,,,,,,,,,,,,,,,,,,,,,,,,,,,1023
2024-06-13T00:00:00.000000000,2EQUFORD,55,0,12006,1794,781491804,1,27590711,12209,MTAA,MTA,1 : Cash_and_Derivative_Central_Order_Book,1,3316359,NL0011585146,783199,3A,Euronext Milan,EUR,20240613 08:50:17.365787000,20240613 08:50:16.598000000,20240613 08:50:16.700341207,0,00004426 : GOLDMAN SACHS BANK EUROPE SE,642997,75872547198992397,9 : VFA_VFC,9,1 : Client,1,2 : Modify,2.0,0,16 : VFU_VFC_Triggered_Ack,16.0,,20240613 08:50:16.496828154,1.7182614164898463e+18,N,N,N,N,N,N,N,N,N,N,N,N,N,378.9,5539.0,55834676654,,,Y,N,N,N,N,N,,,8254475695,1718261416496812689,327.6,100,1 : Buy,1,2 : Limit,2,1718261416489846476,,2 : Valid_for_Uncrossing,2,100,0,,,,,100,N,N,N,N,N,N,N,N,,,,,,,,,,,,,0,,,,20240613 08:50:16.496812689,1,Y,N,N,N,N,N,,,,0,,,1062,,,2 : Limit,2,,,,,,,,,,,,,,,,1,,3 : Any_other_capacity,3,,,2902791.0,3,,,,,,,,,,,,,,,,,,,,,,,,,,,,,,,,,,,,,,,,,1024
2024-06-13T00:00:00.000000000,2EQUFORD,55,0,12006,1797,781491812,1,27590711,12222,MTAA,MTA,1 : Cash_and_Derivative_Central_Order_Book,1,3316359,NL0011585146,783199,3A,Euronext Milan,EUR,20240613 08:50:21.485660000,20240613 08:50:20.475000000,20240613 08:50:20.525832948,0,00004406 : UBS EUROPE SE,518084_1,75873204328989334,1 : New,1,1 : Client,1,2 : Modify,2.0,0,0 : New_Order_Ack,0.0,20240613 08:50:20.374135592,20240613 08:50:20.374138737,12336111150.0,N,N,N,N,N,N,N,N,Y,N,N,N,N,378.9,5612.0,55834676807,,,Y,N,N,N,N,N,20240613 08:50:20.374117853,20240613 08:50:20.374132501,8271252911,1718261420374135592,370.8,73,2 : Sell,2,2 : Limit,2,12336111150,,0 : Day,0,73,0,,,,,73,N,N,N,N,N,N,N,N,,,,,,,,,,,,,0,,,,20240613 08:50:20.374135592,1,Y,N,N,N,N,N,,,,0,,,,,,2 : Limit,2,,,,,,,,,,,,,,,,1,,2 : Matched_principal,2,,,1000004314.0,3,0.0,,,,,,,,,,,,,,,,,,,,,,,,,,,,,,,,,,,,,,,,1025
2024-06-13T00:00:00.000000000,2EQUFORD,55,0,12006,1799,781491823,1,27590711,12244,MTAA,MTA,1 : Cash_and_Derivative_Central_Order_Book,1,3316359,NL0011585146,783199,3A,Euronext Milan,EUR,20240613 08:50:23.511544000,20240613 08:50:22.792000000,20240613 08:50:22.891444663,0,00004426 : GOLDMAN SACHS BANK EUROPE SE,642997,75872547198992402,1 : New,1,1 : Client,1,2 : Modify,2.0,0,0 : New_Order_Ack,0.0,20240613 08:50:22.691830680,20240613 08:50:22.691836800,1.7182614226848525e+18,N,N,N,N,N,N,N,N,N,N,N,N,N,378.9,5612.0,55834676654,,,Y,N,N,N,N,N,20240613 08:50:22.691818920,20240613 08:50:22.691827017,8288030127,1718261422691830680,,18,1 : Buy,1,1 : Market,1,1718261422684852646,,2 : Valid_for_Uncrossing,2,18,0,,,,,18,N,N,N,N,N,N,N,N,,,,,,,,,,,,,0,,,,20240613 08:50:22.691830680,1,Y,N,N,N,N,N,,,,0,,,1062,,,1 : Market,1,,,,,,,,,,,,,,,,1,,3 : Any_other_capacity,3,,,2902791.0,3,,,,,,,,,,,,,,,,,,,,,,,,,,,,,,,,,,,,,,,,,1026
2024-06-13T00:00:00.000000000,2EQUFORD,55,0,12006,1800,781491824,1,27590711,12246,MTAA,MTA,1 : Cash_and_Derivative_Central_Order_Book,1,3316359,NL0011585146,783199,3A,Euronext Milan,EUR,20240613 08:50:23.511544000,20240613 08:50:22.792000000,20240613 08:50:22.891643019,0,00004426 : GOLDMAN SACHS BANK EUROPE SE,642997,75872547198992402,9 : VFA_VFC,9,1 : Client,1,2 : Modify,2.0,0,16 : VFU_VFC_Triggered_Ack,16.0,,20240613 08:50:22.691838588,1.7182614226848525e+18,N,N,N,N,N,N,N,N,N,N,N,N,N,378.9,5612.0,55834676654,,,Y,N,N,N,N,N,,,8288030127,1718261422691830680,,18,1 : Buy,1,1 : Market,1,1718261422684852646,,2 : Valid_for_Uncrossing,2,18,0,,,,,18,N,N,N,N,N,N,N,N,,,,,,,,,,,,,0,,,,20240613 08:50:22.691830680,1,Y,N,N,N,N,N,,,,0,,,1062,,,1 : Market,1,,,,,,,,,,,,,,,,1,,3 : Any_other_capacity,3,,,2902791.0,3,,,,,,,,,,,,,,,,,,,,,,,,,,,,,,,,,,,,,,,,,1027
2024-06-13T00:00:00.000000000,2EQUFORD,55,0,12006,1801,781491828,1,27590711,12252,MTAA,MTA,1 : Cash_and_Derivative_Central_Order_Book,1,3316359,NL0011585146,783199,3A,Euronext Milan,EUR,20240613 08:50:23.511544000,20240613 08:50:23.385000000,20240613 08:50:23.400556420,0,00000676 : FINECOBANK S.P.A.,49020,75871593716253258,1 : New,1,1 : Client,1,2 : Modify,2.0,0,0 : New_Order_Ack,0.0,20240613 08:50:23.284017919,20240613 08:50:23.284028260,41640850233410.0,N,N,N,N,N,N,N,N,Y,N,N,N,N,378.9,5612.0,55834676432,,,N,N,N,N,N,N,20240613 08:50:23.283957909,20240613 08:50:23.284013890,8304807343,1718261423284017919,378.9,50,1 : Buy,1,2 : Limit,2,41640850233410,0.0,0 : Day,0,50,0,,,,,50,N,N,N,N,N,N,N,N,,,,,,,,,,,,,0,,,,20240613 08:50:23.284017919,1,Y,N,N,N,N,N,,,,0,,,,,,2 : Limit,2,,,,,,,,,,,,,,,,1,,3 : Any_other_capacity,3,,,200016464.0,3,0.0,0.0,,,,,,,,,,,,,,,,,,,,,,,,,,,,,,,,,,,,,,,1028
2024-06-13T00:00:00.000000000,2EQUFORD,55,0,12006,1802,781491830,1,27590711,12256,MTAA,MTA,1 : Cash_and_Derivative_Central_Order_Book,1,3316359,NL0011585146,783199,3A,Euronext Milan,EUR,20240613 08:50:29.748214000,20240613 08:50:27.732000000,20240613 08:50:27.833679544,0,00004426 : GOLDMAN SACHS BANK EUROPE SE,642997,75872547198992406,1 : New,1,1 : Client,1,2 : Modify,2.0,0,0 : New_Order_Ack,0.0,20240613 08:50:27.631478555,20240613 08:50:27.631486505,1.7182614276245012e+18,N,N,N,N,N,N,N,N,N,N,N,N,N,378.9,5615.0,55834676654,,,Y,N,N,N,N,N,20240613 08:50:27.631460166,20240613 08:50:27.631473501,8321584559,1718261427631478555,,3,2 : Sell,2,1 : Market,1,1718261427624501153,,2 : Valid_for_Uncrossing,2,3,0,,,,,3,N,N,N,N,N,N,N,N,,,,,,,,,,,,,0,,,,20240613 08:50:27.631478555,1,Y,N,N,N,N,N,,,,0,,,1062,,,1 : Market,1,,,,,,,,,,,,,,,,1,,3 : Any_other_capacity,3,,,2902791.0,3,,,,,,,,,,,,,,,,,,,,,,,,,,,,,,,,,,,,,,,,,1029
2024-06-13T00:00:00.000000000,2EQUFORD,55,0,12006,1803,781491831,1,27590711,12258,MTAA,MTA,1 : Cash_and_Derivative_Central_Order_Book,1,3316359,NL0011585146,783199,3A,Euronext Milan,EUR,20240613 08:50:29.748214000,20240613 08:50:27.732000000,20240613 08:50:27.833967248,0,00004426 : GOLDMAN SACHS BANK EUROPE SE,642997,75872547198992406,9 : VFA_VFC,9,1 : Client,1,2 : Modify,2.0,0,16 : VFU_VFC_Triggered_Ack,16.0,,20240613 08:50:27.631489684,1.7182614276245012e+18,N,N,N,N,N,N,N,N,N,N,N,N,N,378.9,5615.0,55834676654,,,Y,N,N,N,N,N,,,8321584559,1718261427631478555,,3,2 : Sell,2,1 : Market,1,1718261427624501153,,2 : Valid_for_Uncrossing,2,3,0,,,,,3,N,N,N,N,N,N,N,N,,,,,,,,,,,,,0,,,,20240613 08:50:27.631478555,1,Y,N,N,N,N,N,,,,0,,,1062,,,1 : Market,1,,,,,,,,,,,,,,,,1,,3 : Any_other_capacity,3,,,2902791.0,3,,,,,,,,,,,,,,,,,,,,,,,,,,,,,,,,,,,,,,,,,1030
2024-06-13T00:00:00.000000000,2EQUFORD,55,0,12006,1804,781491833,1,27590711,12261,MTAA,MTA,1 : Cash_and_Derivative_Central_Order_Book,1,3316359,NL0011585146,783199,3A,Euronext Milan,EUR,20240613 08:50:29.748214000,20240613 08:50:28.442000000,20240613 08:50:28.534710120,0,00004406 : UBS EUROPE SE,518084_1,75873204328989353,1 : New,1,1 : Client,1,2 : Modify,2.0,0,0 : New_Order_Ack,0.0,20240613 08:50:28.341949299,20240613 08:50:28.341952085,12336112100.0,N,N,N,N,N,N,N,N,Y,N,N,N,N,378.9,5615.0,55834676807,,,Y,N,N,N,N,N,20240613 08:50:28.341929492,20240613 08:50:28.341945770,8338361775,1718261428341949299,418.0,3,1 : Buy,1,2 : Limit,2,12336112100,,0 : Day,0,3,0,,,,,3,N,N,N,N,N,N,N,N,,,,,,,,,,,,,0,,,,20240613 08:50:28.341949299,1,Y,N,N,N,N,N,,,,0,,,,,,2 : Limit,2,,,,,,,,,,,,,,,,1,,2 : Matched_principal,2,,,1000004314.0,3,0.0,,,,,,,,,,,,,,,,,,,,,,,,,,,,,,,,,,,,,,,,1031
2024-06-13T00:00:00.000000000,2EQUFORD,55,0,12006,1805,781491835,1,27590711,12265,MTAA,MTA,1 : Cash_and_Derivative_Central_Order_Book,1,3316359,NL0011585146,783199,3A,Euronext Milan,EUR,20240613 08:50:31.767462000,20240613 08:50:30.221000000,20240613 08:50:30.267167071,0,00004398 : J.P. MORGAN SE,624871_1,75873127019577710,1 : New,1,1 : Client,1,2 : Modify,2.0,0,0 : New_Order_Ack,0.0,20240613 08:50:30.120013906,20240613 08:50:30.120016652,2057100000366.0,N,N,N,N,N,N,N,N,N,N,N,N,N,378.9,5628.0,55834676789,,,N,N,Y,N,N,N,20240613 08:50:30.119996334,20240613 08:50:30.120011283,8355138991,1718261430120013906,,13,2 : Sell,2,1 : Market,1,2057100000366,,2 : Valid_for_Uncrossing,2,13,0,,,,,13,N,N,N,N,N,N,N,N,,,,,,,,,,,,,0,,,,20240613 08:50:30.120013906,1,Y,N,N,N,N,N,,,,0,,,,,,1 : Market,1,,,,,,,,,,,,,,V8OZ,,1,0.0,2 : Matched_principal,2,,,23523.0,1490000015,0.0,,,,,,,,,,,,,,,,,,,,,,,,,,,,,,,,,,,,,,,,1032
2024-06-13T00:00:00.000000000,2EQUFORD,55,0,12006,1806,781491836,1,27590711,12267,MTAA,MTA,1 : Cash_and_Derivative_Central_Order_Book,1,3316359,NL0011585146,783199,3A,Euronext Milan,EUR,20240613 08:50:31.767462000,20240613 08:50:30.221000000,20240613 08:50:30.267300259,0,00004398 : J.P. MORGAN SE,624871_1,75873127019577710,9 : VFA_VFC,9,1 : Client,1,2 : Modify,2.0,0,16 : VFU_VFC_Triggered_Ack,16.0,,20240613 08:50:30.120018175,2057100000366.0,N,N,N,N,N,N,N,N,N,N,N,N,N,378.9,5628.0,55834676789,,,N,N,Y,N,N,N,,,8355138991,1718261430120013906,,13,2 : Sell,2,1 : Market,1,2057100000366,,2 : Valid_for_Uncrossing,2,13,0,,,,,13,N,N,N,N,N,N,N,N,,,,,,,,,,,,,0,,,,20240613 08:50:30.120013906,1,Y,N,N,N,N,N,,,,0,,,,,,1 : Market,1,,,,,,,,,,,,,,V8OZ,,1,0.0,2 : Matched_principal,2,,,23523.0,1490000015,0.0,,,,,,,,,,,,,,,,,,,,,,,,,,,,,,,,,,,,,,,,1033
2024-06-13T00:00:00.000000000,2EQUFORD,55,0,12006,1809,781491852,1,27590711,12293,MTAA,MTA,1 : Cash_and_Derivative_Central_Order_Book,1,3316359,NL0011585146,783199,3A,Euronext Milan,EUR,20240613 08:50:40.219153000,20240613 08:50:38.856000000,20240613 08:50:38.866216215,0,00029546 : BNP PARIBAS FINANCIAL MARKETS,157922_3,75872431234876019,1 : New,1,2 : House,2,2 : Modify,2.0,0,0 : New_Order_Ack,0.0,20240613 08:50:38.755190777,20240613 08:50:38.755195954,1.0401496645634205e+17,N,N,N,N,N,N,N,N,Y,N,N,N,N,378.9,5630.0,55834676627,,,N,N,Y,N,N,N,20240613 08:50:38.755172867,20240613 08:50:38.755187750,8371916207,1718261438755190777,,2,2 : Sell,2,1 : Market,1,104014966456342039,,2 : Valid_for_Uncrossing,2,2,0,,,,,2,N,N,N,N,N,N,N,N,,,,,,,,,,,,,0,,,,20240613 08:50:38.755190777,1,Y,N,N,N,N,N,,,,0,,,,,,1 : Market,1,,,,,,,,,,,,,,,,1,,1 : Dealing_on_own_account,1,,,,1612776960,798057469.0,,,,,,,,,,,,,,,,,,,,,,,,,,,,,,,,,,,,,,,,1034
2024-06-13T00:00:00.000000000,2EQUFORD,55,0,12006,1810,781491853,1,27590711,12295,MTAA,MTA,1 : Cash_and_Derivative_Central_Order_Book,1,3316359,NL0011585146,783199,3A,Euronext Milan,EUR,20240613 08:50:40.219153000,20240613 08:50:38.856000000,20240613 08:50:38.866474459,0,00029546 : BNP PARIBAS FINANCIAL MARKETS,157922_3,75872431234876019,9 : VFA_VFC,9,2 : House,2,2 : Modify,2.0,0,16 : VFU_VFC_Triggered_Ack,16.0,,20240613 08:50:38.755198343,1.0401496645634205e+17,N,N,N,N,N,N,N,N,Y,N,N,N,N,378.9,5630.0,55834676627,,,N,N,Y,N,N,N,,,8371916207,1718261438755190777,,2,2 : Sell,2,1 : Market,1,104014966456342039,,2 : Valid_for_Uncrossing,2,2,0,,,,,2,N,N,N,N,N,N,N,N,,,,,,,,,,,,,0,,,,20240613 08:50:38.755190777,1,Y,N,N,N,N,N,,,,0,,,,,,1 : Market,1,,,,,,,,,,,,,,,,1,,1 : Dealing_on_own_account,1,,,,1612776960,798057469.0,,,,,,,,,,,,,,,,,,,,,,,,,,,,,,,,,,,,,,,,1035
2024-06-13T00:00:00.000000000,2EQUFORD,55,0,12006,1811,781491855,1,27590711,12298,MTAA,MTA,1 : Cash_and_Derivative_Central_Order_Book,1,3316359,NL0011585146,783199,3A,Euronext Milan,EUR,20240613 08:50:40.219153000,20240613 08:50:38.856000000,20240613 08:50:38.866555225,0,00004398 : J.P. MORGAN SE,624871_1,75873131314545015,1 : New,1,1 : Client,1,2 : Modify,2.0,0,0 : New_Order_Ack,0.0,20240613 08:50:38.822415407,20240613 08:50:38.822417938,2077100000375.0,N,N,N,N,N,N,N,N,N,N,N,N,N,378.9,5939.0,55834676790,,,N,N,Y,N,N,N,20240613 08:50:38.822392183,20240613 08:50:38.822412066,8388693423,1718261438822415407,,309,2 : Sell,2,1 : Market,1,2077100000375,,2 : Valid_for_Uncrossing,2,309,0,,,,,309,N,N,N,N,N,N,N,N,,,,,,,,,,,,,0,,,,20240613 08:50:38.822415407,1,Y,N,N,N,N,N,,,,0,,,,,,1 : Market,1,,,,,,,,,,,,,,RSZZ,,1,0.0,2 : Matched_principal,2,,,23523.0,1490000015,0.0,,,,,,,,,,,,,,,,,,,,,,,,,,,,,,,,,,,,,,,,1036
2024-06-13T00:00:00.000000000,2EQUFORD,55,0,12006,1812,781491856,1,27590711,12300,MTAA,MTA,1 : Cash_and_Derivative_Central_Order_Book,1,3316359,NL0011585146,783199,3A,Euronext Milan,EUR,20240613 08:50:40.219153000,20240613 08:50:38.856000000,20240613 08:50:38.866632282,0,00004398 : J.P. MORGAN SE,624871_1,75873131314545015,9 : VFA_VFC,9,1 : Client,1,2 : Modify,2.0,0,16 : VFU_VFC_Triggered_Ack,16.0,,20240613 08:50:38.822419425,2077100000375.0,N,N,N,N,N,N,N,N,N,N,N,N,N,378.9,5939.0,55834676790,,,N,N,Y,N,N,N,,,8388693423,1718261438822415407,,309,2 : Sell,2,1 : Market,1,2077100000375,,2 : Valid_for_Uncrossing,2,309,0,,,,,309,N,N,N,N,N,N,N,N,,,,,,,,,,,,,0,,,,20240613 08:50:38.822415407,1,Y,N,N,N,N,N,,,,0,,,,,,1 : Market,1,,,,,,,,,,,,,,RSZZ,,1,0.0,2 : Matched_principal,2,,,23523.0,1490000015,0.0,,,,,,,,,,,,,,,,,,,,,,,,,,,,,,,,,,,,,,,,1037
2024-06-13T00:00:00.000000000,2EQUFORD,55,0,12006,1817,781491869,1,27590711,12323,MTAA,MTA,1 : Cash_and_Derivative_Central_Order_Book,1,3316359,NL0011585146,783199,3A,Euronext Milan,EUR,20240613 08:50:59.237510000,20240613 08:50:58.243000000,20240613 08:50:58.345567477,0,00010122 : BANCA SELLA HOLDING S.P.A.,38565_1,75029462298657005,2 : Modify,2,1 : Client,1,2 : Modify,2.0,0,1 : Replace_Ack,1.0,20240613 08:50:58.173502335,20240613 08:50:58.173518459,1300001502.0,N,N,N,N,N,N,N,N,Y,N,N,N,N,378.9,5939.0,42949775078,,,N,N,Y,N,N,N,20240613 08:50:58.173419681,20240613 08:50:58.173473587,7583387055,1718261458173502335,385.0,25,1 : Buy,1,2 : Limit,2,20240613101051,,0 : Day,0,25,0,,,,,25,N,N,N,N,N,N,N,N,,,,,,,,,,,,,0,,,,20240613 08:50:58.173502335,1,Y,N,N,N,N,N,,,,0,,,,,,2 : Limit,2,,,,,,,,,,,,,,,,1,,3 : Any_other_capacity,3,,,201902104.0,300003007,,,201902104.0,300003007.0,,,,,,,,,,,,,,,2.0,3.0,23.0,1.0,12.0,22.0,,,,,,,2.0,3.0,23.0,1.0,12.0,22.0,,,,,1038
2024-06-13T00:00:00.000000000,2EQUFORD,55,0,12006,1818,781491875,1,27590711,12334,MTAA,MTA,1 : Cash_and_Derivative_Central_Order_Book,1,3316359,NL0011585146,783199,3A,Euronext Milan,EUR,20240613 08:51:01.292883000,20240613 08:51:00.122000000,20240613 08:51:00.213661374,0,00004398 : J.P. MORGAN SE,624871_1,75873127019577745,1 : New,1,1 : Client,1,2 : Modify,2.0,0,0 : New_Order_Ack,0.0,20240613 08:51:00.119587197,20240613 08:51:00.119592541,2057100000401.0,N,N,N,N,N,N,N,N,N,N,N,N,N,378.9,5956.0,55834676789,,,N,N,Y,N,N,N,20240613 08:51:00.119569398,20240613 08:51:00.119583856,8405470639,1718261460119587197,,17,2 : Sell,2,1 : Market,1,2057100000401,,2 : Valid_for_Uncrossing,2,17,0,,,,,17,N,N,N,N,N,N,N,N,,,,,,,,,,,,,0,,,,20240613 08:51:00.119587197,1,Y,N,N,N,N,N,,,,0,,,,,,1 : Market,1,,,,,,,,,,,,,,V8OZ,,1,0.0,2 : Matched_principal,2,,,23523.0,1490000015,0.0,,,,,,,,,,,,,,,,,,,,,,,,,,,,,,,,,,,,,,,,1039
2024-06-13T00:00:00.000000000,2EQUFORD,55,0,12006,1819,781491876,1,27590711,12336,MTAA,MTA,1 : Cash_and_Derivative_Central_Order_Book,1,3316359,NL0011585146,783199,3A,Euronext Milan,EUR,20240613 08:51:01.292883000,20240613 08:51:00.122000000,20240613 08:51:00.213819679,0,00004398 : J.P. MORGAN SE,624871_1,75873127019577745,9 : VFA_VFC,9,1 : Client,1,2 : Modify,2.0,0,16 : VFU_VFC_Triggered_Ack,16.0,,20240613 08:51:00.119594248,2057100000401.0,N,N,N,N,N,N,N,N,N,N,N,N,N,378.9,5956.0,55834676789,,,N,N,Y,N,N,N,,,8405470639,1718261460119587197,,17,2 : Sell,2,1 : Market,1,2057100000401,,2 : Valid_for_Uncrossing,2,17,0,,,,,17,N,N,N,N,N,N,N,N,,,,,,,,,,,,,0,,,,20240613 08:51:00.119587197,1,Y,N,N,N,N,N,,,,0,,,,,,1 : Market,1,,,,,,,,,,,,,,V8OZ,,1,0.0,2 : Matched_principal,2,,,23523.0,1490000015,0.0,,,,,,,,,,,,,,,,,,,,,,,,,,,,,,,,,,,,,,,,1040
2024-06-13T00:00:00.000000000,2EQUFORD,55,0,12006,1820,781491878,1,27590711,12339,MTAA,MTA,1 : Cash_and_Derivative_Central_Order_Book,1,3316359,NL0011585146,783199,3A,Euronext Milan,EUR,20240613 08:51:01.292883000,20240613 08:51:00.373000000,20240613 08:51:00.447061810,0,00010131 : DIRECTA SIM S.P.A.,130358,75310950160269669,1 : New,1,1 : Client,1,2 : Modify,2.0,0,0 : New_Order_Ack,0.0,20240613 08:51:00.272091323,20240613 08:51:00.272095751,8.26508510075797e+17,N,N,N,N,N,N,N,N,Y,N,N,N,N,378.9,5956.0,47244742377,,,Y,N,N,N,N,N,20240613 08:51:00.272012165,20240613 08:51:00.272068888,8422247855,1718261460272091323,,100,1 : Buy,1,1 : Market,1,826508510075797001,,0 : Day,0,100,0,,,,,100,N,N,N,N,N,N,N,N,,,,,,,,,,,,,0,,,,20240613 08:51:00.272091323,1,Y,N,N,N,N,N,,,,0,,,,,,1 : Market,1,,,,,,,,,26.0,,,,,,,1,,3 : Any_other_capacity,3,,,18777.0,3,,,,,,,,,,,,,,,,,,,2.0,3.0,24.0,1.0,12.0,24.0,,,,,,,,,,,,,,,,,1041
2024-06-13T00:00:00.000000000,2EQUFORD,55,0,12006,1821,781491881,1,27590711,12345,MTAA,MTA,1 : Cash_and_Derivative_Central_Order_Book,1,3316359,NL0011585146,783199,3A,Euronext Milan,EUR,20240613 08:51:10.220288000,20240613 08:51:08.924000000,20240613 08:51:09.025841489,0,00004398 : J.P. MORGAN SE,624871_1,75873131314545042,1 : New,1,1 : Client,1,2 : Modify,2.0,0,0 : New_Order_Ack,0.0,20240613 08:51:08.823193007,20240613 08:51:08.823205981,2077100000402.0,N,N,N,N,N,N,N,N,N,N,N,N,N,378.9,5973.0,55834676790,,,N,N,Y,N,N,N,20240613 08:51:08.823156613,20240613 08:51:08.823186632,8439025071,1718261468823193007,,17,2 : Sell,2,1 : Market,1,2077100000402,,2 : Valid_for_Uncrossing,2,17,0,,,,,17,N,N,N,N,N,N,N,N,,,,,,,,,,,,,0,,,,20240613 08:51:08.823193007,1,Y,N,N,N,N,N,,,,0,,,,,,1 : Market,1,,,,,,,,,,,,,,RSZZ,,1,0.0,2 : Matched_principal,2,,,23523.0,1490000015,0.0,,,,,,,,,,,,,,,,,,,,,,,,,,,,,,,,,,,,,,,,1042
2024-06-13T00:00:00.000000000,2EQUFORD,55,0,12006,1822,781491882,1,27590711,12347,MTAA,MTA,1 : Cash_and_Derivative_Central_Order_Book,1,3316359,NL0011585146,783199,3A,Euronext Milan,EUR,20240613 08:51:10.220288000,20240613 08:51:08.924000000,20240613 08:51:09.026237406,0,00004398 : J.P. MORGAN SE,624871_1,75873131314545042,9 : VFA_VFC,9,1 : Client,1,2 : Modify,2.0,0,16 : VFU_VFC_Triggered_Ack,16.0,,20240613 08:51:08.823210017,2077100000402.0,N,N,N,N,N,N,N,N,N,N,N,N,N,378.9,5973.0,55834676790,,,N,N,Y,N,N,N,,,8439025071,1718261468823193007,,17,2 : Sell,2,1 : Market,1,2077100000402,,2 : Valid_for_Uncrossing,2,17,0,,,,,17,N,N,N,N,N,N,N,N,,,,,,,,,,,,,0,,,,20240613 08:51:08.823193007,1,Y,N,N,N,N,N,,,,0,,,,,,1 : Market,1,,,,,,,,,,,,,,RSZZ,,1,0.0,2 : Matched_principal,2,,,23523.0,1490000015,0.0,,,,,,,,,,,,,,,,,,,,,,,,,,,,,,,,,,,,,,,,1043
2024-06-13T00:00:00.000000000,2EQUFORD,55,0,12006,1823,781491885,1,27590711,12352,MTAA,MTA,1 : Cash_and_Derivative_Central_Order_Book,1,3316359,NL0011585146,783199,3A,Euronext Milan,EUR,20240613 08:51:23.815350000,20240613 08:51:23.704000000,20240613 08:51:23.806281171,0,00004436 : CITIGROUP GLOBAL MARKETS EUROPE AG,202680_2,75871524996776025,1 : New,1,2 : House,2,2 : Modify,2.0,0,0 : New_Order_Ack,0.0,20240613 08:51:23.603830554,20240613 08:51:23.603841825,489593.0,N,N,N,N,N,N,N,N,N,N,N,N,N,376.6,6346.0,55834676416,,,N,Y,N,N,N,N,20240613 08:51:23.603815352,20240613 08:51:23.603826281,8455802287,1718261483603830554,315.6,373,2 : Sell,2,2 : Limit,2,489593,,2 : Valid_for_Uncrossing,2,373,0,,,,,373,N,N,N,N,N,N,N,N,,,,,,,,,,,,,0,,,,20240613 08:51:23.603830554,1,Y,N,N,N,N,N,,,,0,,,,,,2 : Limit,2,,,,,,,,,,,,,,,,1,,1 : Dealing_on_own_account,1,,,,3200001,741411618.0,,,,,,,,,,,,,,,,,,,,,,,,,,,,,,,,,,,,,,,,1044
2024-06-13T00:00:00.000000000,2EQUFORD,55,0,12006,1824,781491886,1,27590711,12354,MTAA,MTA,1 : Cash_and_Derivative_Central_Order_Book,1,3316359,NL0011585146,783199,3A,Euronext Milan,EUR,20240613 08:51:25.862220000,20240613 08:51:23.705000000,20240613 08:51:23.815952471,0,00004436 : CITIGROUP GLOBAL MARKETS EUROPE AG,202680_2,75871524996776025,9 : VFA_VFC,9,2 : House,2,2 : Modify,2.0,0,16 : VFU_VFC_Triggered_Ack,16.0,,20240613 08:51:23.603846117,489593.0,N,N,N,N,N,N,N,N,N,N,N,N,N,376.6,6346.0,55834676416,,,N,Y,N,N,N,N,,,8455802287,1718261483603830554,315.6,373,2 : Sell,2,2 : Limit,2,489593,,2 : Valid_for_Uncrossing,2,373,0,,,,,373,N,N,N,N,N,N,N,N,,,,,,,,,,,,,0,,,,20240613 08:51:23.603830554,1,Y,N,N,N,N,N,,,,0,,,,,,2 : Limit,2,,,,,,,,,,,,,,,,1,,1 : Dealing_on_own_account,1,,,,3200001,741411618.0,,,,,,,,,,,,,,,,,,,,,,,,,,,,,,,,,,,,,,,,1045
2024-06-13T00:00:00.000000000,2EQUFORD,55,0,12006,1825,781491888,1,27590711,12358,MTAA,MTA,1 : Cash_and_Derivative_Central_Order_Book,1,3316359,NL0011585146,783199,3A,Euronext Milan,EUR,20240613 08:51:25.862220000,20240613 08:51:23.705000000,20240613 08:51:23.816099042,0,00004398 : J.P. MORGAN SE,624871_1,75873127019577754,4 : Cancel,4,1 : Client,1,,,0,,,20240613 08:51:23.701339460,20240613 08:51:23.701340850,2057100000410.0,N,N,N,N,N,N,N,N,N,N,N,N,N,376.6,6346.0,55834676789,,,N,N,N,N,N,N,20240613 08:51:23.701327204,20240613 08:51:23.701332403,4966141359,1718258402787277391,421.1,4,2 : Sell,2,2 : Limit,2,2057100000041,,0 : Day,0,0,0,,,,,0,N,N,N,N,N,N,N,N,,,,1 : Order_Cancelled_by_Client,1.0,,,,,,,,0,,,,20240613 08:51:23.701339460,0,N,N,N,N,N,N,,,,0,,,,,,2 : Limit,2,,,,,,,,,,,,,,U8BH,,1,0.0,2 : Matched_principal,2,,,5403626.0,1414618199,0.0,,,,,,,,,,,,,,,,,,,,,,,,,,,,,,,,,,,,,,,,1046
2024-06-13T00:00:00.000000000,2EQUFORD,55,0,12006,1826,781491889,1,27590711,12359,MTAA,MTA,1 : Cash_and_Derivative_Central_Order_Book,1,3316359,NL0011585146,783199,3A,Euronext Milan,EUR,20240613 08:51:25.862220000,20240613 08:51:23.845000000,20240613 08:51:23.948183541,0,00004398 : J.P. MORGAN SE,624871_1,75873131314545048,1 : New,1,1 : Client,1,2 : Modify,2.0,0,0 : New_Order_Ack,0.0,20240613 08:51:23.744121129,20240613 08:51:23.744163861,2077100000408.0,N,N,N,N,N,N,N,N,N,N,N,N,N,376.6,6346.0,55834676790,,,N,N,N,N,N,N,20240613 08:51:23.744093456,20240613 08:51:23.744117188,8472579503,1718261483744121129,327.3,20,1 : Buy,1,2 : Limit,2,2077100000408,,0 : Day,0,20,0,,,,,20,N,N,N,N,N,N,N,N,,,,,,,,,,,,,0,,,,20240613 08:51:23.744121129,1,Y,N,N,N,N,N,,,,0,,,,,,2 : Limit,2,,,,,,,,,,,,,,U8BH,,1,0.0,2 : Matched_principal,2,,,5403626.0,1414618199,0.0,,,,,,,,,,,,,,,,,,,,,,,,,,,,,,,,,,,,,,,,1047
2024-06-13T00:00:00.000000000,2EQUFORD,55,0,12006,1827,781491890,1,27590711,12361,MTAA,MTA,1 : Cash_and_Derivative_Central_Order_Book,1,3316359,NL0011585146,783199,3A,Euronext Milan,EUR,20240613 08:51:25.862220000,20240613 08:51:23.846000000,20240613 08:51:23.948341322,0,00004398 : J.P. MORGAN SE,624871_1,75873127019577755,1 : New,1,1 : Client,1,2 : Modify,2.0,0,0 : New_Order_Ack,0.0,20240613 08:51:23.750479684,20240613 08:51:23.750486730,2057100000411.0,N,N,N,N,N,N,N,N,N,N,N,N,N,376.6,6346.0,55834676789,,,N,N,N,N,N,N,20240613 08:51:23.750459841,20240613 08:51:23.750476097,8489356719,1718261483750479684,300.0,1,1 : Buy,1,2 : Limit,2,2057100000411,,0 : Day,0,1,0,,,,,1,N,N,N,N,N,N,N,N,,,,,,,,,,,,,0,,,,20240613 08:51:23.750479684,1,Y,N,N,N,N,N,,,,0,,,,,,2 : Limit,2,,,,,,,,,,,,,,U8BH,,1,0.0,2 : Matched_principal,2,,,5403626.0,1414618199,0.0,,,,,,,,,,,,,,,,,,,,,,,,,,,,,,,,,,,,,,,,1048
2024-06-13T00:00:00.000000000,2EQUFORD,55,0,12006,1828,781491891,1,27590711,12363,MTAA,MTA,1 : Cash_and_Derivative_Central_Order_Book,1,3316359,NL0011585146,783199,3A,Euronext Milan,EUR,20240613 08:51:25.862220000,20240613 08:51:23.846000000,20240613 08:51:23.948419108,0,00004398 : J.P. MORGAN SE,624871_1,75873131314545049,1 : New,1,1 : Client,1,2 : Modify,2.0,0,0 : New_Order_Ack,0.0,20240613 08:51:23.751450408,20240613 08:51:23.751454493,2077100000409.0,N,N,N,N,N,N,N,N,N,N,N,N,N,376.6,6346.0,55834676790,,,N,N,N,N,N,N,20240613 08:51:23.751432938,20240613 08:51:23.751447677,8506133935,1718261483751450408,300.0,4,1 : Buy,1,2 : Limit,2,2077100000409,,0 : Day,0,4,0,,,,,4,N,N,N,N,N,N,N,N,,,,,,,,,,,,,0,,,,20240613 08:51:23.751450408,1,Y,N,N,N,N,N,,,,0,,,,,,2 : Limit,2,,,,,,,,,,,,,,U8BH,,1,0.0,2 : Matched_principal,2,,,5403626.0,1414618199,0.0,,,,,,,,,,,,,,,,,,,,,,,,,,,,,,,,,,,,,,,,1049
2024-06-13T00:00:00.000000000,2EQUFORD,55,0,12006,1829,781491892,1,27590711,12365,MTAA,MTA,1 : Cash_and_Derivative_Central_Order_Book,1,3316359,NL0011585146,783199,3A,Euronext Milan,EUR,20240613 08:51:25.862220000,20240613 08:51:23.846000000,20240613 08:51:23.948489199,0,00004398 : J.P. MORGAN SE,624871_1,75873127019577756,1 : New,1,1 : Client,1,2 : Modify,2.0,0,0 : New_Order_Ack,0.0,20240613 08:51:23.752454829,20240613 08:51:23.752458623,2057100000412.0,N,N,N,N,N,N,N,N,N,N,N,N,N,376.6,6346.0,55834676789,,,N,N,N,N,N,N,20240613 08:51:23.752438114,20240613 08:51:23.752452381,8522911151,1718261483752454829,325.0,1,1 : Buy,1,2 : Limit,2,2057100000412,,0 : Day,0,1,0,,,,,1,N,N,N,N,N,N,N,N,,,,,,,,,,,,,0,,,,20240613 08:51:23.752454829,1,Y,N,N,N,N,N,,,,0,,,,,,2 : Limit,2,,,,,,,,,,,,,,U8BH,,1,0.0,2 : Matched_principal,2,,,5403626.0,1414618199,0.0,,,,,,,,,,,,,,,,,,,,,,,,,,,,,,,,,,,,,,,,1050
2024-06-13T00:00:00.000000000,2EQUFORD,55,0,12006,1830,781491893,1,27590711,12367,MTAA,MTA,1 : Cash_and_Derivative_Central_Order_Book,1,3316359,NL0011585146,783199,3A,Euronext Milan,EUR,20240613 08:51:25.862220000,20240613 08:51:23.846000000,20240613 08:51:23.948557065,0,00004398 : J.P. MORGAN SE,624871_1,75873131314545050,1 : New,1,1 : Client,1,2 : Modify,2.0,0,0 : New_Order_Ack,0.0,20240613 08:51:23.753446348,20240613 08:51:23.753450858,2077100000410.0,N,N,N,N,N,N,N,N,N,N,N,N,N,376.6,6346.0,55834676790,,,N,N,N,N,N,N,20240613 08:51:23.753429235,20240613 08:51:23.753443615,8539688367,1718261483753446348,301.1,5,1 : Buy,1,2 : Limit,2,2077100000410,,0 : Day,0,5,0,,,,,5,N,N,N,N,N,N,N,N,,,,,,,,,,,,,0,,,,20240613 08:51:23.753446348,1,Y,N,N,N,N,N,,,,0,,,,,,2 : Limit,2,,,,,,,,,,,,,,U8BH,,1,0.0,2 : Matched_principal,2,,,5403626.0,1414618199,0.0,,,,,,,,,,,,,,,,,,,,,,,,,,,,,,,,,,,,,,,,1051
2024-06-13T00:00:00.000000000,2EQUFORD,55,0,12006,1831,781491894,1,27590711,12369,MTAA,MTA,1 : Cash_and_Derivative_Central_Order_Book,1,3316359,NL0011585146,783199,3A,Euronext Milan,EUR,20240613 08:51:25.862220000,20240613 08:51:23.846000000,20240613 08:51:23.948630507,0,00004398 : J.P. MORGAN SE,624871_1,75873127019577757,1 : New,1,1 : Client,1,2 : Modify,2.0,0,0 : New_Order_Ack,0.0,20240613 08:51:23.754811954,20240613 08:51:23.754816063,2057100000413.0,N,N,N,N,N,N,N,N,N,N,N,N,N,376.6,6346.0,55834676789,,,N,N,N,N,N,N,20240613 08:51:23.754794879,20240613 08:51:23.754808979,8556465583,1718261483754811954,300.0,2,1 : Buy,1,2 : Limit,2,2057100000413,,0 : Day,0,2,0,,,,,2,N,N,N,N,N,N,N,N,,,,,,,,,,,,,0,,,,20240613 08:51:23.754811954,1,Y,N,N,N,N,N,,,,0,,,,,,2 : Limit,2,,,,,,,,,,,,,,U8BH,,1,0.0,2 : Matched_principal,2,,,5403626.0,1414618199,0.0,,,,,,,,,,,,,,,,,,,,,,,,,,,,,,,,,,,,,,,,1052
2024-06-13T00:00:00.000000000,2EQUFORD,55,0,12006,1832,781491895,1,27590711,12371,MTAA,MTA,1 : Cash_and_Derivative_Central_Order_Book,1,3316359,NL0011585146,783199,3A,Euronext Milan,EUR,20240613 08:51:25.862220000,20240613 08:51:23.846000000,20240613 08:51:23.948697563,0,00004398 : J.P. MORGAN SE,624871_1,75873131314545051,1 : New,1,1 : Client,1,2 : Modify,2.0,0,0 : New_Order_Ack,0.0,20240613 08:51:23.756630062,20240613 08:51:23.756633917,2077100000411.0,N,N,N,N,N,N,N,N,N,N,N,N,N,376.6,6346.0,55834676790,,,N,N,N,N,N,N,20240613 08:51:23.756612695,20240613 08:51:23.756627064,8573242799,1718261483756630062,300.0,3,1 : Buy,1,2 : Limit,2,2077100000411,,0 : Day,0,3,0,,,,,3,N,N,N,N,N,N,N,N,,,,,,,,,,,,,0,,,,20240613 08:51:23.756630062,1,Y,N,N,N,N,N,,,,0,,,,,,2 : Limit,2,,,,,,,,,,,,,,U8BH,,1,0.0,2 : Matched_principal,2,,,5403626.0,1414618199,0.0,,,,,,,,,,,,,,,,,,,,,,,,,,,,,,,,,,,,,,,,1053
2024-06-13T00:00:00.000000000,2EQUFORD,55,0,12006,1833,781491896,1,27590711,12373,MTAA,MTA,1 : Cash_and_Derivative_Central_Order_Book,1,3316359,NL0011585146,783199,3A,Euronext Milan,EUR,20240613 08:51:25.862220000,20240613 08:51:23.846000000,20240613 08:51:23.948769653,0,00004398 : J.P. MORGAN SE,624871_1,75873127019577758,1 : New,1,1 : Client,1,2 : Modify,2.0,0,0 : New_Order_Ack,0.0,20240613 08:51:23.757579710,20240613 08:51:23.757583503,2057100000414.0,N,N,N,N,N,N,N,N,N,N,N,N,N,376.6,6346.0,55834676789,,,N,N,N,N,N,N,20240613 08:51:23.757563082,20240613 08:51:23.757576854,8590020015,1718261483757579710,307.0,4,1 : Buy,1,2 : Limit,2,2057100000414,,0 : Day,0,4,0,,,,,4,N,N,N,N,N,N,N,N,,,,,,,,,,,,,0,,,,20240613 08:51:23.757579710,1,Y,N,N,N,N,N,,,,0,,,,,,2 : Limit,2,,,,,,,,,,,,,,U8BH,,1,0.0,2 : Matched_principal,2,,,5403626.0,1414618199,0.0,,,,,,,,,,,,,,,,,,,,,,,,,,,,,,,,,,,,,,,,1054
2024-06-13T00:00:00.000000000,2EQUFORD,55,0,12006,1834,781491897,1,27590711,12375,MTAA,MTA,1 : Cash_and_Derivative_Central_Order_Book,1,3316359,NL0011585146,783199,3A,Euronext Milan,EUR,20240613 08:51:25.862220000,20240613 08:51:23.846000000,20240613 08:51:23.948835652,0,00004398 : J.P. MORGAN SE,624871_1,75873131314545052,1 : New,1,1 : Client,1,2 : Modify,2.0,0,0 : New_Order_Ack,0.0,20240613 08:51:23.758585825,20240613 08:51:23.758589625,2077100000412.0,N,N,N,N,N,N,N,N,N,N,N,N,N,376.6,6346.0,55834676790,,,N,N,N,N,N,N,20240613 08:51:23.758569203,20240613 08:51:23.758583268,8606797231,1718261483758585825,320.0,5,1 : Buy,1,2 : Limit,2,2077100000412,,0 : Day,0,5,0,,,,,5,N,N,N,N,N,N,N,N,,,,,,,,,,,,,0,,,,20240613 08:51:23.758585825,1,Y,N,N,N,N,N,,,,0,,,,,,2 : Limit,2,,,,,,,,,,,,,,U8BH,,1,0.0,2 : Matched_principal,2,,,5403626.0,1414618199,0.0,,,,,,,,,,,,,,,,,,,,,,,,,,,,,,,,,,,,,,,,1055
2024-06-13T00:00:00.000000000,2EQUFORD,55,0,12006,1835,781491898,1,27590711,12377,MTAA,MTA,1 : Cash_and_Derivative_Central_Order_Book,1,3316359,NL0011585146,783199,3A,Euronext Milan,EUR,20240613 08:51:25.862220000,20240613 08:51:23.846000000,20240613 08:51:23.948902889,0,00004398 : J.P. MORGAN SE,624871_1,75873127019577759,1 : New,1,1 : Client,1,2 : Modify,2.0,0,0 : New_Order_Ack,0.0,20240613 08:51:23.763594345,20240613 08:51:23.763598227,2057100000415.0,N,N,N,N,N,N,N,N,N,N,N,N,N,376.6,6346.0,55834676789,,,N,N,N,N,N,N,20240613 08:51:23.763577345,20240613 08:51:23.763591344,8623574447,1718261483763594345,305.0,1,1 : Buy,1,2 : Limit,2,2057100000415,,0 : Day,0,1,0,,,,,1,N,N,N,N,N,N,N,N,,,,,,,,,,,,,0,,,,20240613 08:51:23.763594345,1,Y,N,N,N,N,N,,,,0,,,,,,2 : Limit,2,,,,,,,,,,,,,,U8BH,,1,0.0,2 : Matched_principal,2,,,5403626.0,1414618199,0.0,,,,,,,,,,,,,,,,,,,,,,,,,,,,,,,,,,,,,,,,1056
2024-06-13T00:00:00.000000000,2EQUFORD,55,0,12006,1836,781491899,1,27590711,12379,MTAA,MTA,1 : Cash_and_Derivative_Central_Order_Book,1,3316359,NL0011585146,783199,3A,Euronext Milan,EUR,20240613 08:51:25.862220000,20240613 08:51:23.846000000,20240613 08:51:23.948968774,0,00004398 : J.P. MORGAN SE,624871_1,75873131314545053,1 : New,1,1 : Client,1,2 : Modify,2.0,0,0 : New_Order_Ack,0.0,20240613 08:51:23.773694964,20240613 08:51:23.773699480,2077100000413.0,N,N,N,N,N,N,N,N,N,N,N,N,N,376.6,6346.0,55834676790,,,N,N,N,N,N,N,20240613 08:51:23.773677046,20240613 08:51:23.773692007,8640351663,1718261483773694964,300.0,1,1 : Buy,1,2 : Limit,2,2077100000413,,0 : Day,0,1,0,,,,,1,N,N,N,N,N,N,N,N,,,,,,,,,,,,,0,,,,20240613 08:51:23.773694964,1,Y,N,N,N,N,N,,,,0,,,,,,2 : Limit,2,,,,,,,,,,,,,,U8BH,,1,0.0,2 : Matched_principal,2,,,5403626.0,1414618199,0.0,,,,,,,,,,,,,,,,,,,,,,,,,,,,,,,,,,,,,,,,1057
2024-06-13T00:00:00.000000000,2EQUFORD,55,0,12006,1837,781491900,1,27590711,12381,MTAA,MTA,1 : Cash_and_Derivative_Central_Order_Book,1,3316359,NL0011585146,783199,3A,Euronext Milan,EUR,20240613 08:51:25.862220000,20240613 08:51:23.846000000,20240613 08:51:23.949037465,0,00004398 : J.P. MORGAN SE,624871_1,75873127019577760,1 : New,1,1 : Client,1,2 : Modify,2.0,0,0 : New_Order_Ack,0.0,20240613 08:51:23.775411816,20240613 08:51:23.775416038,2057100000416.0,N,N,N,N,N,N,N,N,N,N,N,N,N,376.6,6346.0,55834676789,,,N,N,Y,N,N,N,20240613 08:51:23.775394582,20240613 08:51:23.775409172,8657128879,1718261483775411816,288.4,1,1 : Buy,1,2 : Limit,2,2057100000416,,0 : Day,0,1,0,,,,,1,N,N,N,N,N,N,N,N,,,,,,,,,,,,,0,,,,20240613 08:51:23.775411816,1,Y,N,N,N,N,N,,,,0,,,,,,2 : Limit,2,,,,,,,,,,,,,,RSZZ,,1,0.0,2 : Matched_principal,2,,,23523.0,1490000016,0.0,,,,,,,,,,,,,,,,,,,,,,,,,,,,,,,,,,,,,,,,1058
2024-06-13T00:00:00.000000000,2EQUFORD,55,0,12006,1838,781491901,1,27590711,12383,MTAA,MTA,1 : Cash_and_Derivative_Central_Order_Book,1,3316359,NL0011585146,783199,3A,Euronext Milan,EUR,20240613 08:51:25.862220000,20240613 08:51:23.846000000,20240613 08:51:23.949103235,0,00004398 : J.P. MORGAN SE,624871_1,75873131314545054,1 : New,1,1 : Client,1,2 : Modify,2.0,0,0 : New_Order_Ack,0.0,20240613 08:51:23.779093937,20240613 08:51:23.779100946,2077100000414.0,N,N,N,N,N,N,N,N,N,N,N,N,N,376.6,6346.0,55834676790,,,N,N,Y,N,N,N,20240613 08:51:23.779076770,20240613 08:51:23.779091023,8673906095,1718261483779093937,288.4,1,1 : Buy,1,2 : Limit,2,2077100000414,,0 : Day,0,1,0,,,,,1,N,N,N,N,N,N,N,N,,,,,,,,,,,,,0,,,,20240613 08:51:23.779093937,1,Y,N,N,N,N,N,,,,0,,,,,,2 : Limit,2,,,,,,,,,,,,,,RSZZ,,1,0.0,2 : Matched_principal,2,,,23523.0,1490000016,0.0,,,,,,,,,,,,,,,,,,,,,,,,,,,,,,,,,,,,,,,,1059
2024-06-13T00:00:00.000000000,2EQUFORD,55,0,12006,1839,781491902,1,27590711,12385,MTAA,MTA,1 : Cash_and_Derivative_Central_Order_Book,1,3316359,NL0011585146,783199,3A,Euronext Milan,EUR,20240613 08:51:25.862220000,20240613 08:51:23.846000000,20240613 08:51:23.949170524,0,00004398 : J.P. MORGAN SE,624871_1,75873127019577761,1 : New,1,1 : Client,1,2 : Modify,2.0,0,0 : New_Order_Ack,0.0,20240613 08:51:23.799095800,20240613 08:51:23.799099944,2057100000417.0,N,N,N,N,N,N,N,N,N,N,N,N,N,376.6,6346.0,55834676789,,,N,N,Y,N,N,N,20240613 08:51:23.799078658,20240613 08:51:23.799093140,8690683311,1718261483799095800,288.4,1,1 : Buy,1,2 : Limit,2,2057100000417,,0 : Day,0,1,0,,,,,1,N,N,N,N,N,N,N,N,,,,,,,,,,,,,0,,,,20240613 08:51:23.799095800,1,Y,N,N,N,N,N,,,,0,,,,,,2 : Limit,2,,,,,,,,,,,,,,RSZZ,,1,0.0,2 : Matched_principal,2,,,23523.0,1490000016,0.0,,,,,,,,,,,,,,,,,,,,,,,,,,,,,,,,,,,,,,,,1060
2024-06-13T00:00:00.000000000,2EQUFORD,55,0,12006,1840,781491903,1,27590711,12387,MTAA,MTA,1 : Cash_and_Derivative_Central_Order_Book,1,3316359,NL0011585146,783199,3A,Euronext Milan,EUR,20240613 08:51:25.862220000,20240613 08:51:23.846000000,20240613 08:51:23.949236188,0,00004398 : J.P. MORGAN SE,624871_1,75873131314545055,1 : New,1,1 : Client,1,2 : Modify,2.0,0,0 : New_Order_Ack,0.0,20240613 08:51:23.825489571,20240613 08:51:23.825493653,2077100000415.0,N,N,N,N,N,N,N,N,N,N,N,N,N,376.6,6346.0,55834676790,,,N,N,Y,N,N,N,20240613 08:51:23.825471922,20240613 08:51:23.825486805,8707460527,1718261483825489571,288.4,1,1 : Buy,1,2 : Limit,2,2077100000415,,0 : Day,0,1,0,,,,,1,N,N,N,N,N,N,N,N,,,,,,,,,,,,,0,,,,20240613 08:51:23.825489571,1,Y,N,N,N,N,N,,,,0,,,,,,2 : Limit,2,,,,,,,,,,,,,,RSZZ,,1,0.0,2 : Matched_principal,2,,,23523.0,1490000016,0.0,,,,,,,,,,,,,,,,,,,,,,,,,,,,,,,,,,,,,,,,1061
2024-06-13T00:00:00.000000000,2EQUFORD,55,0,12006,1841,781491904,1,27590711,12389,MTAA,MTA,1 : Cash_and_Derivative_Central_Order_Book,1,3316359,NL0011585146,783199,3A,Euronext Milan,EUR,20240613 08:51:25.862220000,20240613 08:51:23.951000000,20240613 08:51:24.052445947,0,00004398 : J.P. MORGAN SE,624871_1,75873127019577762,1 : New,1,1 : Client,1,2 : Modify,2.0,0,0 : New_Order_Ack,0.0,20240613 08:51:23.850135069,20240613 08:51:23.850139133,2057100000418.0,N,N,N,N,N,N,N,N,N,N,N,N,N,376.6,6346.0,55834676789,,,N,N,Y,N,N,N,20240613 08:51:23.850117962,20240613 08:51:23.850132366,8724237743,1718261483850135069,288.4,1,1 : Buy,1,2 : Limit,2,2057100000418,,0 : Day,0,1,0,,,,,1,N,N,N,N,N,N,N,N,,,,,,,,,,,,,0,,,,20240613 08:51:23.850135069,1,Y,N,N,N,N,N,,,,0,,,,,,2 : Limit,2,,,,,,,,,,,,,,RSZZ,,1,0.0,2 : Matched_principal,2,,,23523.0,1490000016,0.0,,,,,,,,,,,,,,,,,,,,,,,,,,,,,,,,,,,,,,,,1062
2024-06-13T00:00:00.000000000,2EQUFORD,55,0,12006,1842,781491905,1,27590711,12391,MTAA,MTA,1 : Cash_and_Derivative_Central_Order_Book,1,3316359,NL0011585146,783199,3A,Euronext Milan,EUR,20240613 08:51:25.862220000,20240613 08:51:23.951000000,20240613 08:51:24.052596252,0,00004398 : J.P. MORGAN SE,624871_1,75873131314545056,1 : New,1,1 : Client,1,2 : Modify,2.0,0,0 : New_Order_Ack,0.0,20240613 08:51:23.874073055,20240613 08:51:23.874077176,2077100000416.0,N,N,N,N,N,N,N,N,N,N,N,N,N,376.6,6346.0,55834676790,,,N,N,Y,N,N,N,20240613 08:51:23.874056027,20240613 08:51:23.874070447,8741014959,1718261483874073055,288.4,1,1 : Buy,1,2 : Limit,2,2077100000416,,0 : Day,0,1,0,,,,,1,N,N,N,N,N,N,N,N,,,,,,,,,,,,,0,,,,20240613 08:51:23.874073055,1,Y,N,N,N,N,N,,,,0,,,,,,2 : Limit,2,,,,,,,,,,,,,,RSZZ,,1,0.0,2 : Matched_principal,2,,,23523.0,1490000016,0.0,,,,,,,,,,,,,,,,,,,,,,,,,,,,,,,,,,,,,,,,1063
2024-06-13T00:00:00.000000000,2EQUFORD,55,0,12006,1843,781491906,1,27590711,12393,MTAA,MTA,1 : Cash_and_Derivative_Central_Order_Book,1,3316359,NL0011585146,783199,3A,Euronext Milan,EUR,20240613 08:51:25.862220000,20240613 08:51:23.951000000,20240613 08:51:24.052678624,0,00004398 : J.P. MORGAN SE,624871_1,75873127019577763,1 : New,1,1 : Client,1,2 : Modify,2.0,0,0 : New_Order_Ack,0.0,20240613 08:51:23.898179436,20240613 08:51:23.898183744,2057100000419.0,N,N,N,N,N,N,N,N,N,N,N,N,N,376.6,6346.0,55834676789,,,N,N,Y,N,N,N,20240613 08:51:23.898162254,20240613 08:51:23.898176938,8757792175,1718261483898179436,288.4,1,1 : Buy,1,2 : Limit,2,2057100000419,,0 : Day,0,1,0,,,,,1,N,N,N,N,N,N,N,N,,,,,,,,,,,,,0,,,,20240613 08:51:23.898179436,1,Y,N,N,N,N,N,,,,0,,,,,,2 : Limit,2,,,,,,,,,,,,,,RSZZ,,1,0.0,2 : Matched_principal,2,,,23523.0,1490000016,0.0,,,,,,,,,,,,,,,,,,,,,,,,,,,,,,,,,,,,,,,,1064
2024-06-13T00:00:00.000000000,2EQUFORD,55,0,12006,1844,781491907,1,27590711,12395,MTAA,MTA,1 : Cash_and_Derivative_Central_Order_Book,1,3316359,NL0011585146,783199,3A,Euronext Milan,EUR,20240613 08:51:25.862220000,20240613 08:51:23.951000000,20240613 08:51:24.052747832,0,00004398 : J.P. MORGAN SE,624871_1,75873131314545057,1 : New,1,1 : Client,1,2 : Modify,2.0,0,0 : New_Order_Ack,0.0,20240613 08:51:23.924752440,20240613 08:51:23.924756461,2077100000417.0,N,N,N,N,N,N,N,N,N,N,N,N,N,376.6,6346.0,55834676790,,,N,N,Y,N,N,N,20240613 08:51:23.924734917,20240613 08:51:23.924749880,8774569391,1718261483924752440,288.4,2,1 : Buy,1,2 : Limit,2,2077100000417,,0 : Day,0,2,0,,,,,2,N,N,N,N,N,N,N,N,,,,,,,,,,,,,0,,,,20240613 08:51:23.924752440,1,Y,N,N,N,N,N,,,,0,,,,,,2 : Limit,2,,,,,,,,,,,,,,RSZZ,,1,0.0,2 : Matched_principal,2,,,23523.0,1490000016,0.0,,,,,,,,,,,,,,,,,,,,,,,,,,,,,,,,,,,,,,,,1065
2024-06-13T00:00:00.000000000,2EQUFORD,55,0,12006,1845,781491908,1,27590711,12397,MTAA,MTA,1 : Cash_and_Derivative_Central_Order_Book,1,3316359,NL0011585146,783199,3A,Euronext Milan,EUR,20240613 08:51:25.862220000,20240613 08:51:24.058000000,20240613 08:51:24.160084786,0,00004398 : J.P. MORGAN SE,624871_1,75873127019577764,1 : New,1,1 : Client,1,2 : Modify,2.0,0,0 : New_Order_Ack,0.0,20240613 08:51:23.956961504,20240613 08:51:23.956965485,2057100000420.0,N,N,N,N,N,N,N,N,N,N,N,N,N,376.6,6346.0,55834676789,,,N,N,Y,N,N,N,20240613 08:51:23.956944211,20240613 08:51:23.956958759,8791346607,1718261483956961504,288.4,2,1 : Buy,1,2 : Limit,2,2057100000420,,0 : Day,0,2,0,,,,,2,N,N,N,N,N,N,N,N,,,,,,,,,,,,,0,,,,20240613 08:51:23.956961504,1,Y,N,N,N,N,N,,,,0,,,,,,2 : Limit,2,,,,,,,,,,,,,,RSZZ,,1,0.0,2 : Matched_principal,2,,,23523.0,1490000016,0.0,,,,,,,,,,,,,,,,,,,,,,,,,,,,,,,,,,,,,,,,1066
2024-06-13T00:00:00.000000000,2EQUFORD,55,0,12006,1846,781491909,1,27590711,12399,MTAA,MTA,1 : Cash_and_Derivative_Central_Order_Book,1,3316359,NL0011585146,783199,3A,Euronext Milan,EUR,20240613 08:51:25.862220000,20240613 08:51:24.058000000,20240613 08:51:24.160229711,0,00004398 : J.P. MORGAN SE,624871_1,75873131314545058,1 : New,1,1 : Client,1,2 : Modify,2.0,0,0 : New_Order_Ack,0.0,20240613 08:51:23.981585347,20240613 08:51:23.981592904,2077100000418.0,N,N,N,N,N,N,N,N,N,N,N,N,N,376.6,6346.0,55834676790,,,N,N,Y,N,N,N,20240613 08:51:23.981563990,20240613 08:51:23.981582543,8808123823,1718261483981585347,288.4,1,1 : Buy,1,2 : Limit,2,2077100000418,,0 : Day,0,1,0,,,,,1,N,N,N,N,N,N,N,N,,,,,,,,,,,,,0,,,,20240613 08:51:23.981585347,1,Y,N,N,N,N,N,,,,0,,,,,,2 : Limit,2,,,,,,,,,,,,,,RSZZ,,1,0.0,2 : Matched_principal,2,,,23523.0,1490000016,0.0,,,,,,,,,,,,,,,,,,,,,,,,,,,,,,,,,,,,,,,,1067
2024-06-13T00:00:00.000000000,2EQUFORD,55,0,12006,1847,781491910,1,27590711,12401,MTAA,MTA,1 : Cash_and_Derivative_Central_Order_Book,1,3316359,NL0011585146,783199,3A,Euronext Milan,EUR,20240613 08:51:25.862220000,20240613 08:51:24.058000000,20240613 08:51:24.160306894,0,00004398 : J.P. MORGAN SE,624871_1,75873127019577765,1 : New,1,1 : Client,1,2 : Modify,2.0,0,0 : New_Order_Ack,0.0,20240613 08:51:24.011162921,20240613 08:51:24.011167075,2057100000421.0,N,N,N,N,N,N,N,N,N,N,N,N,N,376.6,6346.0,55834676789,,,N,N,Y,N,N,N,20240613 08:51:24.011142350,20240613 08:51:24.011159824,8824901039,1718261484011162921,288.4,4,1 : Buy,1,2 : Limit,2,2057100000421,,0 : Day,0,4,0,,,,,4,N,N,N,N,N,N,N,N,,,,,,,,,,,,,0,,,,20240613 08:51:24.011162921,1,Y,N,N,N,N,N,,,,0,,,,,,2 : Limit,2,,,,,,,,,,,,,,RSZZ,,1,0.0,2 : Matched_principal,2,,,23523.0,1490000016,0.0,,,,,,,,,,,,,,,,,,,,,,,,,,,,,,,,,,,,,,,,1068
2024-06-13T00:00:00.000000000,2EQUFORD,55,0,12006,1848,781491911,1,27590711,12403,MTAA,MTA,1 : Cash_and_Derivative_Central_Order_Book,1,3316359,NL0011585146,783199,3A,Euronext Milan,EUR,20240613 08:51:25.862220000,20240613 08:51:24.058000000,20240613 08:51:24.160382448,0,00004398 : J.P. MORGAN SE,624871_1,75873131314545059,1 : New,1,1 : Client,1,2 : Modify,2.0,0,0 : New_Order_Ack,0.0,20240613 08:51:24.042120755,20240613 08:51:24.042124975,2077100000419.0,N,N,N,N,N,N,N,N,N,N,N,N,N,376.6,6346.0,55834676790,,,N,N,Y,N,N,N,20240613 08:51:24.042101029,20240613 08:51:24.042117562,8841678255,1718261484042120755,288.4,1,1 : Buy,1,2 : Limit,2,2077100000419,,0 : Day,0,1,0,,,,,1,N,N,N,N,N,N,N,N,,,,,,,,,,,,,0,,,,20240613 08:51:24.042120755,1,Y,N,N,N,N,N,,,,0,,,,,,2 : Limit,2,,,,,,,,,,,,,,RSZZ,,1,0.0,2 : Matched_principal,2,,,23523.0,1490000016,0.0,,,,,,,,,,,,,,,,,,,,,,,,,,,,,,,,,,,,,,,,1069
2024-06-13T00:00:00.000000000,2EQUFORD,55,0,12006,1849,781491912,1,27590711,12405,MTAA,MTA,1 : Cash_and_Derivative_Central_Order_Book,1,3316359,NL0011585146,783199,3A,Euronext Milan,EUR,20240613 08:51:25.862220000,20240613 08:51:24.176000000,20240613 08:51:24.278076768,0,00004398 : J.P. MORGAN SE,624871_1,75873127019577766,1 : New,1,1 : Client,1,2 : Modify,2.0,0,0 : New_Order_Ack,0.0,20240613 08:51:24.075027201,20240613 08:51:24.075034655,2057100000422.0,N,N,N,N,N,N,N,N,N,N,N,N,N,376.6,6346.0,55834676789,,,N,N,Y,N,N,N,20240613 08:51:24.074969039,20240613 08:51:24.075023437,8858455471,1718261484075027201,288.4,1,1 : Buy,1,2 : Limit,2,2057100000422,,0 : Day,0,1,0,,,,,1,N,N,N,N,N,N,N,N,,,,,,,,,,,,,0,,,,20240613 08:51:24.075027201,1,Y,N,N,N,N,N,,,,0,,,,,,2 : Limit,2,,,,,,,,,,,,,,RSZZ,,1,0.0,2 : Matched_principal,2,,,23523.0,1490000016,0.0,,,,,,,,,,,,,,,,,,,,,,,,,,,,,,,,,,,,,,,,1070
2024-06-13T00:00:00.000000000,2EQUFORD,55,0,12006,1850,781491913,1,27590711,12407,MTAA,MTA,1 : Cash_and_Derivative_Central_Order_Book,1,3316359,NL0011585146,783199,3A,Euronext Milan,EUR,20240613 08:51:25.862220000,20240613 08:51:24.176000000,20240613 08:51:24.278216531,0,00004398 : J.P. MORGAN SE,624871_1,75873131314545060,1 : New,1,1 : Client,1,2 : Modify,2.0,0,0 : New_Order_Ack,0.0,20240613 08:51:24.104321480,20240613 08:51:24.104325788,2077100000420.0,N,N,N,N,N,N,N,N,N,N,N,N,N,376.6,6346.0,55834676790,,,N,N,Y,N,N,N,20240613 08:51:24.104299510,20240613 08:51:24.104318226,8875232687,1718261484104321480,288.4,2,1 : Buy,1,2 : Limit,2,2077100000420,,0 : Day,0,2,0,,,,,2,N,N,N,N,N,N,N,N,,,,,,,,,,,,,0,,,,20240613 08:51:24.104321480,1,Y,N,N,N,N,N,,,,0,,,,,,2 : Limit,2,,,,,,,,,,,,,,RSZZ,,1,0.0,2 : Matched_principal,2,,,23523.0,1490000016,0.0,,,,,,,,,,,,,,,,,,,,,,,,,,,,,,,,,,,,,,,,1071
2024-06-13T00:00:00.000000000,2EQUFORD,55,0,12006,1851,781491914,1,27590711,12409,MTAA,MTA,1 : Cash_and_Derivative_Central_Order_Book,1,3316359,NL0011585146,783199,3A,Euronext Milan,EUR,20240613 08:51:25.862220000,20240613 08:51:24.176000000,20240613 08:51:24.278294792,0,00004398 : J.P. MORGAN SE,624871_1,75873127019577767,1 : New,1,1 : Client,1,2 : Modify,2.0,0,0 : New_Order_Ack,0.0,20240613 08:51:24.137849625,20240613 08:51:24.137853792,2057100000423.0,N,N,N,N,N,N,N,N,N,N,N,N,N,376.6,6346.0,55834676789,,,N,N,Y,N,N,N,20240613 08:51:24.137828892,20240613 08:51:24.137846549,8892009903,1718261484137849625,288.4,1,1 : Buy,1,2 : Limit,2,2057100000423,,0 : Day,0,1,0,,,,,1,N,N,N,N,N,N,N,N,,,,,,,,,,,,,0,,,,20240613 08:51:24.137849625,1,Y,N,N,N,N,N,,,,0,,,,,,2 : Limit,2,,,,,,,,,,,,,,RSZZ,,1,0.0,2 : Matched_principal,2,,,23523.0,1490000016,0.0,,,,,,,,,,,,,,,,,,,,,,,,,,,,,,,,,,,,,,,,1072
2024-06-13T00:00:00.000000000,2EQUFORD,55,0,12006,1852,781491915,1,27590711,12411,MTAA,MTA,1 : Cash_and_Derivative_Central_Order_Book,1,3316359,NL0011585146,783199,3A,Euronext Milan,EUR,20240613 08:51:25.862220000,20240613 08:51:24.176000000,20240613 08:51:24.278362692,0,00004398 : J.P. MORGAN SE,624871_1,75873131314545061,1 : New,1,1 : Client,1,2 : Modify,2.0,0,0 : New_Order_Ack,0.0,20240613 08:51:24.166844407,20240613 08:51:24.166849300,2077100000421.0,N,N,N,N,N,N,N,N,N,N,N,N,N,376.6,6346.0,55834676790,,,N,N,Y,N,N,N,20240613 08:51:24.166768385,20240613 08:51:24.166841187,8908787119,1718261484166844407,288.4,2,1 : Buy,1,2 : Limit,2,2077100000421,,0 : Day,0,2,0,,,,,2,N,N,N,N,N,N,N,N,,,,,,,,,,,,,0,,,,20240613 08:51:24.166844407,1,Y,N,N,N,N,N,,,,0,,,,,,2 : Limit,2,,,,,,,,,,,,,,RSZZ,,1,0.0,2 : Matched_principal,2,,,23523.0,1490000016,0.0,,,,,,,,,,,,,,,,,,,,,,,,,,,,,,,,,,,,,,,,1073
2024-06-13T00:00:00.000000000,2EQUFORD,55,0,12006,1853,781491916,1,27590711,12413,MTAA,MTA,1 : Cash_and_Derivative_Central_Order_Book,1,3316359,NL0011585146,783199,3A,Euronext Milan,EUR,20240613 08:51:25.862220000,20240613 08:51:24.295000000,20240613 08:51:24.396710211,0,00004398 : J.P. MORGAN SE,624871_1,75873127019577768,1 : New,1,1 : Client,1,2 : Modify,2.0,0,0 : New_Order_Ack,0.0,20240613 08:51:24.194198459,20240613 08:51:24.194202647,2057100000424.0,N,N,N,N,N,N,N,N,N,N,N,N,N,376.6,6346.0,55834676789,,,N,N,Y,N,N,N,20240613 08:51:24.194178640,20240613 08:51:24.194195586,8925564335,1718261484194198459,288.4,2,1 : Buy,1,2 : Limit,2,2057100000424,,0 : Day,0,2,0,,,,,2,N,N,N,N,N,N,N,N,,,,,,,,,,,,,0,,,,20240613 08:51:24.194198459,1,Y,N,N,N,N,N,,,,0,,,,,,2 : Limit,2,,,,,,,,,,,,,,RSZZ,,1,0.0,2 : Matched_principal,2,,,23523.0,1490000016,0.0,,,,,,,,,,,,,,,,,,,,,,,,,,,,,,,,,,,,,,,,1074
2024-06-13T00:00:00.000000000,2EQUFORD,55,0,12006,1854,781491917,1,27590711,12415,MTAA,MTA,1 : Cash_and_Derivative_Central_Order_Book,1,3316359,NL0011585146,783199,3A,Euronext Milan,EUR,20240613 08:51:25.862220000,20240613 08:51:24.295000000,20240613 08:51:24.396844423,0,00004398 : J.P. MORGAN SE,624871_1,75873131314545062,1 : New,1,1 : Client,1,2 : Modify,2.0,0,0 : New_Order_Ack,0.0,20240613 08:51:24.217416627,20240613 08:51:24.217420760,2077100000422.0,N,N,N,N,N,N,N,N,N,N,N,N,N,376.6,6346.0,55834676790,,,N,N,Y,N,N,N,20240613 08:51:24.217397965,20240613 08:51:24.217413904,8942341551,1718261484217416627,288.4,1,1 : Buy,1,2 : Limit,2,2077100000422,,0 : Day,0,1,0,,,,,1,N,N,N,N,N,N,N,N,,,,,,,,,,,,,0,,,,20240613 08:51:24.217416627,1,Y,N,N,N,N,N,,,,0,,,,,,2 : Limit,2,,,,,,,,,,,,,,RSZZ,,1,0.0,2 : Matched_principal,2,,,23523.0,1490000016,0.0,,,,,,,,,,,,,,,,,,,,,,,,,,,,,,,,,,,,,,,,1075
2024-06-13T00:00:00.000000000,2EQUFORD,55,0,12006,1855,781491918,1,27590711,12417,MTAA,MTA,1 : Cash_and_Derivative_Central_Order_Book,1,3316359,NL0011585146,783199,3A,Euronext Milan,EUR,20240613 08:51:25.862220000,20240613 08:51:24.295000000,20240613 08:51:24.396922485,0,00004398 : J.P. MORGAN SE,624871_1,75873127019577769,1 : New,1,1 : Client,1,2 : Modify,2.0,0,0 : New_Order_Ack,0.0,20240613 08:51:24.250317207,20240613 08:51:24.250321293,2057100000425.0,N,N,N,N,N,N,N,N,N,N,N,N,N,376.6,6346.0,55834676789,,,N,N,Y,N,N,N,20240613 08:51:24.250300294,20240613 08:51:24.250314745,8959118767,1718261484250317207,288.4,1,1 : Buy,1,2 : Limit,2,2057100000425,,0 : Day,0,1,0,,,,,1,N,N,N,N,N,N,N,N,,,,,,,,,,,,,0,,,,20240613 08:51:24.250317207,1,Y,N,N,N,N,N,,,,0,,,,,,2 : Limit,2,,,,,,,,,,,,,,RSZZ,,1,0.0,2 : Matched_principal,2,,,23523.0,1490000016,0.0,,,,,,,,,,,,,,,,,,,,,,,,,,,,,,,,,,,,,,,,1076
2024-06-13T00:00:00.000000000,2EQUFORD,55,0,12006,1856,781491919,1,27590711,12419,MTAA,MTA,1 : Cash_and_Derivative_Central_Order_Book,1,3316359,NL0011585146,783199,3A,Euronext Milan,EUR,20240613 08:51:25.862220000,20240613 08:51:24.295000000,20240613 08:51:24.396991232,0,00004398 : J.P. MORGAN SE,624871_1,75873131314545063,1 : New,1,1 : Client,1,2 : Modify,2.0,0,0 : New_Order_Ack,0.0,20240613 08:51:24.281768282,20240613 08:51:24.281772292,2077100000423.0,N,N,N,N,N,N,N,N,N,N,N,N,N,376.6,6346.0,55834676790,,,N,N,Y,N,N,N,20240613 08:51:24.281750654,20240613 08:51:24.281765602,8975895983,1718261484281768282,288.4,4,1 : Buy,1,2 : Limit,2,2077100000423,,0 : Day,0,4,0,,,,,4,N,N,N,N,N,N,N,N,,,,,,,,,,,,,0,,,,20240613 08:51:24.281768282,1,Y,N,N,N,N,N,,,,0,,,,,,2 : Limit,2,,,,,,,,,,,,,,RSZZ,,1,0.0,2 : Matched_principal,2,,,23523.0,1490000016,0.0,,,,,,,,,,,,,,,,,,,,,,,,,,,,,,,,,,,,,,,,1077
2024-06-13T00:00:00.000000000,2EQUFORD,55,0,12006,1857,781491920,1,27590711,12421,MTAA,MTA,1 : Cash_and_Derivative_Central_Order_Book,1,3316359,NL0011585146,783199,3A,Euronext Milan,EUR,20240613 08:51:25.862220000,20240613 08:51:24.415000000,20240613 08:51:24.517041108,0,00004398 : J.P. MORGAN SE,624871_1,75873127019577770,1 : New,1,1 : Client,1,2 : Modify,2.0,0,0 : New_Order_Ack,0.0,20240613 08:51:24.314596862,20240613 08:51:24.314600995,2057100000426.0,N,N,N,N,N,N,N,N,N,N,N,N,N,376.6,6346.0,55834676789,,,N,N,Y,N,N,N,20240613 08:51:24.314578903,20240613 08:51:24.314594404,8992673199,1718261484314596862,288.4,1,1 : Buy,1,2 : Limit,2,2057100000426,,0 : Day,0,1,0,,,,,1,N,N,N,N,N,N,N,N,,,,,,,,,,,,,0,,,,20240613 08:51:24.314596862,1,Y,N,N,N,N,N,,,,0,,,,,,2 : Limit,2,,,,,,,,,,,,,,RSZZ,,1,0.0,2 : Matched_principal,2,,,23523.0,1490000016,0.0,,,,,,,,,,,,,,,,,,,,,,,,,,,,,,,,,,,,,,,,1078
2024-06-13T00:00:00.000000000,2EQUFORD,55,0,12006,1858,781491921,1,27590711,12423,MTAA,MTA,1 : Cash_and_Derivative_Central_Order_Book,1,3316359,NL0011585146,783199,3A,Euronext Milan,EUR,20240613 08:51:25.862220000,20240613 08:51:24.415000000,20240613 08:51:24.517205304,0,00004398 : J.P. MORGAN SE,624871_1,75873131314545064,1 : New,1,1 : Client,1,2 : Modify,2.0,0,0 : New_Order_Ack,0.0,20240613 08:51:24.347393487,20240613 08:51:24.347397877,2077100000424.0,N,N,N,N,N,N,N,N,N,N,N,N,N,376.6,6346.0,55834676790,,,N,N,Y,N,N,N,20240613 08:51:24.347375728,20240613 08:51:24.347390922,9009450415,1718261484347393487,288.4,1,1 : Buy,1,2 : Limit,2,2077100000424,,0 : Day,0,1,0,,,,,1,N,N,N,N,N,N,N,N,,,,,,,,,,,,,0,,,,20240613 08:51:24.347393487,1,Y,N,N,N,N,N,,,,0,,,,,,2 : Limit,2,,,,,,,,,,,,,,RSZZ,,1,0.0,2 : Matched_principal,2,,,23523.0,1490000016,0.0,,,,,,,,,,,,,,,,,,,,,,,,,,,,,,,,,,,,,,,,1079
2024-06-13T00:00:00.000000000,2EQUFORD,55,0,12006,1859,781491922,1,27590711,12425,MTAA,MTA,1 : Cash_and_Derivative_Central_Order_Book,1,3316359,NL0011585146,783199,3A,Euronext Milan,EUR,20240613 08:51:25.862220000,20240613 08:51:24.415000000,20240613 08:51:24.517289266,0,00004398 : J.P. MORGAN SE,624871_1,75873127019577771,1 : New,1,1 : Client,1,2 : Modify,2.0,0,0 : New_Order_Ack,0.0,20240613 08:51:24.379756817,20240613 08:51:24.379760866,2057100000427.0,N,N,N,N,N,N,N,N,N,N,N,N,N,376.6,6346.0,55834676789,,,N,N,Y,N,N,N,20240613 08:51:24.379738813,20240613 08:51:24.379753949,9026227631,1718261484379756817,288.4,3,1 : Buy,1,2 : Limit,2,2057100000427,,0 : Day,0,3,0,,,,,3,N,N,N,N,N,N,N,N,,,,,,,,,,,,,0,,,,20240613 08:51:24.379756817,1,Y,N,N,N,N,N,,,,0,,,,,,2 : Limit,2,,,,,,,,,,,,,,RSZZ,,1,0.0,2 : Matched_principal,2,,,23523.0,1490000016,0.0,,,,,,,,,,,,,,,,,,,,,,,,,,,,,,,,,,,,,,,,1080
2024-06-13T00:00:00.000000000,2EQUFORD,55,0,12006,1860,781491923,1,27590711,12427,MTAA,MTA,1 : Cash_and_Derivative_Central_Order_Book,1,3316359,NL0011585146,783199,3A,Euronext Milan,EUR,20240613 08:51:25.862220000,20240613 08:51:24.415000000,20240613 08:51:24.517358154,0,00004398 : J.P. MORGAN SE,624871_1,75873131314545065,1 : New,1,1 : Client,1,2 : Modify,2.0,0,0 : New_Order_Ack,0.0,20240613 08:51:24.408131389,20240613 08:51:24.408135402,2077100000425.0,N,N,N,N,N,N,N,N,N,N,N,N,N,376.6,6346.0,55834676790,,,N,N,Y,N,N,N,20240613 08:51:24.408113887,20240613 08:51:24.408128741,9043004847,1718261484408131389,288.4,2,1 : Buy,1,2 : Limit,2,2077100000425,,0 : Day,0,2,0,,,,,2,N,N,N,N,N,N,N,N,,,,,,,,,,,,,0,,,,20240613 08:51:24.408131389,1,Y,N,N,N,N,N,,,,0,,,,,,2 : Limit,2,,,,,,,,,,,,,,RSZZ,,1,0.0,2 : Matched_principal,2,,,23523.0,1490000016,0.0,,,,,,,,,,,,,,,,,,,,,,,,,,,,,,,,,,,,,,,,1081
2024-06-13T00:00:00.000000000,2EQUFORD,55,0,12006,1861,781491924,1,27590711,12429,MTAA,MTA,1 : Cash_and_Derivative_Central_Order_Book,1,3316359,NL0011585146,783199,3A,Euronext Milan,EUR,20240613 08:51:25.862220000,20240613 08:51:24.535000000,20240613 08:51:24.626319490,0,00004398 : J.P. MORGAN SE,624871_1,75873127019577772,1 : New,1,1 : Client,1,2 : Modify,2.0,0,0 : New_Order_Ack,0.0,20240613 08:51:24.434553972,20240613 08:51:24.434558021,2057100000428.0,N,N,N,N,N,N,N,N,N,N,N,N,N,376.6,6346.0,55834676789,,,N,N,Y,N,N,N,20240613 08:51:24.434536547,20240613 08:51:24.434551240,9059782063,1718261484434553972,288.4,1,1 : Buy,1,2 : Limit,2,2057100000428,,0 : Day,0,1,0,,,,,1,N,N,N,N,N,N,N,N,,,,,,,,,,,,,0,,,,20240613 08:51:24.434553972,1,Y,N,N,N,N,N,,,,0,,,,,,2 : Limit,2,,,,,,,,,,,,,,RSZZ,,1,0.0,2 : Matched_principal,2,,,23523.0,1490000016,0.0,,,,,,,,,,,,,,,,,,,,,,,,,,,,,,,,,,,,,,,,1082
2024-06-13T00:00:00.000000000,2EQUFORD,55,0,12006,1862,781491925,1,27590711,12431,MTAA,MTA,1 : Cash_and_Derivative_Central_Order_Book,1,3316359,NL0011585146,783199,3A,Euronext Milan,EUR,20240613 08:51:25.862220000,20240613 08:51:24.535000000,20240613 08:51:24.626400266,0,00004398 : J.P. MORGAN SE,624871_1,75873131314545066,1 : New,1,1 : Client,1,2 : Modify,2.0,0,0 : New_Order_Ack,0.0,20240613 08:51:24.457292362,20240613 08:51:24.457296858,2077100000426.0,N,N,N,N,N,N,N,N,N,N,N,N,N,376.6,6346.0,55834676790,,,N,N,Y,N,N,N,20240613 08:51:24.457274927,20240613 08:51:24.457289856,9076559279,1718261484457292362,288.4,1,1 : Buy,1,2 : Limit,2,2077100000426,,0 : Day,0,1,0,,,,,1,N,N,N,N,N,N,N,N,,,,,,,,,,,,,0,,,,20240613 08:51:24.457292362,1,Y,N,N,N,N,N,,,,0,,,,,,2 : Limit,2,,,,,,,,,,,,,,RSZZ,,1,0.0,2 : Matched_principal,2,,,23523.0,1490000016,0.0,,,,,,,,,,,,,,,,,,,,,,,,,,,,,,,,,,,,,,,,1083
2024-06-13T00:00:00.000000000,2EQUFORD,55,0,12006,1863,781491926,1,27590711,12433,MTAA,MTA,1 : Cash_and_Derivative_Central_Order_Book,1,3316359,NL0011585146,783199,3A,Euronext Milan,EUR,20240613 08:51:25.862220000,20240613 08:51:24.535000000,20240613 08:51:24.626471690,0,00004398 : J.P. MORGAN SE,624871_1,75873127019577773,1 : New,1,1 : Client,1,2 : Modify,2.0,0,0 : New_Order_Ack,0.0,20240613 08:51:24.482605444,20240613 08:51:24.482609500,2057100000429.0,N,N,N,N,N,N,N,N,N,N,N,N,N,376.6,6346.0,55834676789,,,N,N,Y,N,N,N,20240613 08:51:24.482586818,20240613 08:51:24.482602485,9093336495,1718261484482605444,288.4,1,1 : Buy,1,2 : Limit,2,2057100000429,,0 : Day,0,1,0,,,,,1,N,N,N,N,N,N,N,N,,,,,,,,,,,,,0,,,,20240613 08:51:24.482605444,1,Y,N,N,N,N,N,,,,0,,,,,,2 : Limit,2,,,,,,,,,,,,,,RSZZ,,1,0.0,2 : Matched_principal,2,,,23523.0,1490000016,0.0,,,,,,,,,,,,,,,,,,,,,,,,,,,,,,,,,,,,,,,,1084
2024-06-13T00:00:00.000000000,2EQUFORD,55,0,12006,1864,781491927,1,27590711,12435,MTAA,MTA,1 : Cash_and_Derivative_Central_Order_Book,1,3316359,NL0011585146,783199,3A,Euronext Milan,EUR,20240613 08:51:25.862220000,20240613 08:51:24.535000000,20240613 08:51:24.626546245,0,00004398 : J.P. MORGAN SE,624871_1,75873131314545067,1 : New,1,1 : Client,1,2 : Modify,2.0,0,0 : New_Order_Ack,0.0,20240613 08:51:24.510396955,20240613 08:51:24.510401019,2077100000427.0,N,N,N,N,N,N,N,N,N,N,N,N,N,376.6,6346.0,55834676790,,,N,N,Y,N,N,N,20240613 08:51:24.510378195,20240613 08:51:24.510394128,9110113711,1718261484510396955,288.4,1,1 : Buy,1,2 : Limit,2,2077100000427,,0 : Day,0,1,0,,,,,1,N,N,N,N,N,N,N,N,,,,,,,,,,,,,0,,,,20240613 08:51:24.510396955,1,Y,N,N,N,N,N,,,,0,,,,,,2 : Limit,2,,,,,,,,,,,,,,RSZZ,,1,0.0,2 : Matched_principal,2,,,23523.0,1490000016,0.0,,,,,,,,,,,,,,,,,,,,,,,,,,,,,,,,,,,,,,,,1085
2024-06-13T00:00:00.000000000,2EQUFORD,55,0,12006,1865,781491928,1,27590711,12437,MTAA,MTA,1 : Cash_and_Derivative_Central_Order_Book,1,3316359,NL0011585146,783199,3A,Euronext Milan,EUR,20240613 08:51:25.862220000,20240613 08:51:24.641000000,20240613 08:51:24.742492706,0,00004398 : J.P. MORGAN SE,624871_1,75873127019577774,1 : New,1,1 : Client,1,2 : Modify,2.0,0,0 : New_Order_Ack,0.0,20240613 08:51:24.539989240,20240613 08:51:24.539993236,2057100000430.0,N,N,N,N,N,N,N,N,N,N,N,N,N,376.6,6346.0,55834676789,,,N,N,Y,N,N,N,20240613 08:51:24.539971810,20240613 08:51:24.539986743,9126890927,1718261484539989240,288.4,1,1 : Buy,1,2 : Limit,2,2057100000430,,0 : Day,0,1,0,,,,,1,N,N,N,N,N,N,N,N,,,,,,,,,,,,,0,,,,20240613 08:51:24.539989240,1,Y,N,N,N,N,N,,,,0,,,,,,2 : Limit,2,,,,,,,,,,,,,,RSZZ,,1,0.0,2 : Matched_principal,2,,,23523.0,1490000016,0.0,,,,,,,,,,,,,,,,,,,,,,,,,,,,,,,,,,,,,,,,1086
2024-06-13T00:00:00.000000000,2EQUFORD,55,0,12006,1866,781491929,1,27590711,12439,MTAA,MTA,1 : Cash_and_Derivative_Central_Order_Book,1,3316359,NL0011585146,783199,3A,Euronext Milan,EUR,20240613 08:51:25.862220000,20240613 08:51:24.641000000,20240613 08:51:24.742631652,0,00004398 : J.P. MORGAN SE,624871_1,75873131314545068,1 : New,1,1 : Client,1,2 : Modify,2.0,0,0 : New_Order_Ack,0.0,20240613 08:51:24.563444165,20240613 08:51:24.563448319,2077100000428.0,N,N,N,N,N,N,N,N,N,N,N,N,N,376.6,6346.0,55834676790,,,N,N,Y,N,N,N,20240613 08:51:24.563426761,20240613 08:51:24.563441554,9143668143,1718261484563444165,288.4,1,1 : Buy,1,2 : Limit,2,2077100000428,,0 : Day,0,1,0,,,,,1,N,N,N,N,N,N,N,N,,,,,,,,,,,,,0,,,,20240613 08:51:24.563444165,1,Y,N,N,N,N,N,,,,0,,,,,,2 : Limit,2,,,,,,,,,,,,,,RSZZ,,1,0.0,2 : Matched_principal,2,,,23523.0,1490000016,0.0,,,,,,,,,,,,,,,,,,,,,,,,,,,,,,,,,,,,,,,,1087
2024-06-13T00:00:00.000000000,2EQUFORD,55,0,12006,1867,781491930,1,27590711,12441,MTAA,MTA,1 : Cash_and_Derivative_Central_Order_Book,1,3316359,NL0011585146,783199,3A,Euronext Milan,EUR,20240613 08:51:25.862220000,20240613 08:51:24.641000000,20240613 08:51:24.742708900,0,00004398 : J.P. MORGAN SE,624871_1,75873127019577775,1 : New,1,1 : Client,1,2 : Modify,2.0,0,0 : New_Order_Ack,0.0,20240613 08:51:24.589107636,20240613 08:51:24.589111808,2057100000431.0,N,N,N,N,N,N,N,N,N,N,N,N,N,376.6,6346.0,55834676789,,,N,N,Y,N,N,N,20240613 08:51:24.589090212,20240613 08:51:24.589104860,9160445359,1718261484589107636,288.4,1,1 : Buy,1,2 : Limit,2,2057100000431,,0 : Day,0,1,0,,,,,1,N,N,N,N,N,N,N,N,,,,,,,,,,,,,0,,,,20240613 08:51:24.589107636,1,Y,N,N,N,N,N,,,,0,,,,,,2 : Limit,2,,,,,,,,,,,,,,RSZZ,,1,0.0,2 : Matched_principal,2,,,23523.0,1490000016,0.0,,,,,,,,,,,,,,,,,,,,,,,,,,,,,,,,,,,,,,,,1088
2024-06-13T00:00:00.000000000,2EQUFORD,55,0,12006,1868,781491931,1,27590711,12443,MTAA,MTA,1 : Cash_and_Derivative_Central_Order_Book,1,3316359,NL0011585146,783199,3A,Euronext Milan,EUR,20240613 08:51:25.862220000,20240613 08:51:24.641000000,20240613 08:51:24.742780049,0,00004398 : J.P. MORGAN SE,624871_1,75873131314545069,1 : New,1,1 : Client,1,2 : Modify,2.0,0,0 : New_Order_Ack,0.0,20240613 08:51:24.612615557,20240613 08:51:24.612619655,2077100000429.0,N,N,N,N,N,N,N,N,N,N,N,N,N,376.6,6346.0,55834676790,,,N,N,Y,N,N,N,20240613 08:51:24.612598511,20240613 08:51:24.612613147,9177222575,1718261484612615557,288.4,3,1 : Buy,1,2 : Limit,2,2077100000429,,0 : Day,0,3,0,,,,,3,N,N,N,N,N,N,N,N,,,,,,,,,,,,,0,,,,20240613 08:51:24.612615557,1,Y,N,N,N,N,N,,,,0,,,,,,2 : Limit,2,,,,,,,,,,,,,,RSZZ,,1,0.0,2 : Matched_principal,2,,,23523.0,1490000016,0.0,,,,,,,,,,,,,,,,,,,,,,,,,,,,,,,,,,,,,,,,1089
2024-06-13T00:00:00.000000000,2EQUFORD,55,0,12006,1869,781491932,1,27590711,12445,MTAA,MTA,1 : Cash_and_Derivative_Central_Order_Book,1,3316359,NL0011585146,783199,3A,Euronext Milan,EUR,20240613 08:51:25.862220000,20240613 08:51:24.746000000,20240613 08:51:24.848632119,0,00004398 : J.P. MORGAN SE,624871_1,75873127019577776,1 : New,1,1 : Client,1,2 : Modify,2.0,0,0 : New_Order_Ack,0.0,20240613 08:51:24.645387143,20240613 08:51:24.645391548,2057100000432.0,N,N,N,N,N,N,N,N,N,N,N,N,N,376.6,6346.0,55834676789,,,N,N,Y,N,N,N,20240613 08:51:24.645369356,20240613 08:51:24.645384365,9193999791,1718261484645387143,288.4,3,1 : Buy,1,2 : Limit,2,2057100000432,,0 : Day,0,3,0,,,,,3,N,N,N,N,N,N,N,N,,,,,,,,,,,,,0,,,,20240613 08:51:24.645387143,1,Y,N,N,N,N,N,,,,0,,,,,,2 : Limit,2,,,,,,,,,,,,,,RSZZ,,1,0.0,2 : Matched_principal,2,,,23523.0,1490000016,0.0,,,,,,,,,,,,,,,,,,,,,,,,,,,,,,,,,,,,,,,,1090
2024-06-13T00:00:00.000000000,2EQUFORD,55,0,12006,1870,781491933,1,27590711,12447,MTAA,MTA,1 : Cash_and_Derivative_Central_Order_Book,1,3316359,NL0011585146,783199,3A,Euronext Milan,EUR,20240613 08:51:25.862220000,20240613 08:51:24.746000000,20240613 08:51:24.848773494,0,00004398 : J.P. MORGAN SE,624871_1,75873131314545070,1 : New,1,1 : Client,1,2 : Modify,2.0,0,0 : New_Order_Ack,0.0,20240613 08:51:24.669072376,20240613 08:51:24.669077347,2077100000430.0,N,N,N,N,N,N,N,N,N,N,N,N,N,376.6,6346.0,55834676790,,,N,N,Y,N,N,N,20240613 08:51:24.669054983,20240613 08:51:24.669069502,9210777007,1718261484669072376,288.4,1,1 : Buy,1,2 : Limit,2,2077100000430,,0 : Day,0,1,0,,,,,1,N,N,N,N,N,N,N,N,,,,,,,,,,,,,0,,,,20240613 08:51:24.669072376,1,Y,N,N,N,N,N,,,,0,,,,,,2 : Limit,2,,,,,,,,,,,,,,RSZZ,,1,0.0,2 : Matched_principal,2,,,23523.0,1490000016,0.0,,,,,,,,,,,,,,,,,,,,,,,,,,,,,,,,,,,,,,,,1091
2024-06-13T00:00:00.000000000,2EQUFORD,55,0,12006,1871,781491934,1,27590711,12449,MTAA,MTA,1 : Cash_and_Derivative_Central_Order_Book,1,3316359,NL0011585146,783199,3A,Euronext Milan,EUR,20240613 08:51:25.862220000,20240613 08:51:24.746000000,20240613 08:51:24.848849778,0,00004398 : J.P. MORGAN SE,624871_1,75873127019577777,1 : New,1,1 : Client,1,2 : Modify,2.0,0,0 : New_Order_Ack,0.0,20240613 08:51:24.696078536,20240613 08:51:24.696082622,2057100000433.0,N,N,N,N,N,N,N,N,N,N,N,N,N,376.6,6346.0,55834676789,,,N,N,Y,N,N,N,20240613 08:51:24.696060875,20240613 08:51:24.696075544,9227554223,1718261484696078536,288.4,1,1 : Buy,1,2 : Limit,2,2057100000433,,0 : Day,0,1,0,,,,,1,N,N,N,N,N,N,N,N,,,,,,,,,,,,,0,,,,20240613 08:51:24.696078536,1,Y,N,N,N,N,N,,,,0,,,,,,2 : Limit,2,,,,,,,,,,,,,,RSZZ,,1,0.0,2 : Matched_principal,2,,,23523.0,1490000016,0.0,,,,,,,,,,,,,,,,,,,,,,,,,,,,,,,,,,,,,,,,1092
2024-06-13T00:00:00.000000000,2EQUFORD,55,0,12006,1872,781491935,1,27590711,12451,MTAA,MTA,1 : Cash_and_Derivative_Central_Order_Book,1,3316359,NL0011585146,783199,3A,Euronext Milan,EUR,20240613 08:51:25.862220000,20240613 08:51:24.746000000,20240613 08:51:24.848929017,0,00004398 : J.P. MORGAN SE,624871_1,75873131314545071,1 : New,1,1 : Client,1,2 : Modify,2.0,0,0 : New_Order_Ack,0.0,20240613 08:51:24.721348874,20240613 08:51:24.721352819,2077100000431.0,N,N,N,N,N,N,N,N,N,N,N,N,N,376.6,6346.0,55834676790,,,N,N,Y,N,N,N,20240613 08:51:24.721331483,20240613 08:51:24.721345892,9244331439,1718261484721348874,288.4,3,1 : Buy,1,2 : Limit,2,2077100000431,,0 : Day,0,3,0,,,,,3,N,N,N,N,N,N,N,N,,,,,,,,,,,,,0,,,,20240613 08:51:24.721348874,1,Y,N,N,N,N,N,,,,0,,,,,,2 : Limit,2,,,,,,,,,,,,,,RSZZ,,1,0.0,2 : Matched_principal,2,,,23523.0,1490000016,0.0,,,,,,,,,,,,,,,,,,,,,,,,,,,,,,,,,,,,,,,,1093
2024-06-13T00:00:00.000000000,2EQUFORD,55,0,12006,1873,781491936,1,27590711,12453,MTAA,MTA,1 : Cash_and_Derivative_Central_Order_Book,1,3316359,NL0011585146,783199,3A,Euronext Milan,EUR,20240613 08:51:25.862220000,20240613 08:51:24.847000000,20240613 08:51:24.948419665,0,00004398 : J.P. MORGAN SE,624871_1,75873127019577778,1 : New,1,1 : Client,1,2 : Modify,2.0,0,0 : New_Order_Ack,0.0,20240613 08:51:24.746375648,20240613 08:51:24.746379689,2057100000434.0,N,N,N,N,N,N,N,N,N,N,N,N,N,376.6,6346.0,55834676789,,,N,N,Y,N,N,N,20240613 08:51:24.746357998,20240613 08:51:24.746373241,9261108655,1718261484746375648,288.4,1,1 : Buy,1,2 : Limit,2,2057100000434,,0 : Day,0,1,0,,,,,1,N,N,N,N,N,N,N,N,,,,,,,,,,,,,0,,,,20240613 08:51:24.746375648,1,Y,N,N,N,N,N,,,,0,,,,,,2 : Limit,2,,,,,,,,,,,,,,RSZZ,,1,0.0,2 : Matched_principal,2,,,23523.0,1490000016,0.0,,,,,,,,,,,,,,,,,,,,,,,,,,,,,,,,,,,,,,,,1094
2024-06-13T00:00:00.000000000,2EQUFORD,55,0,12006,1874,781491937,1,27590711,12455,MTAA,MTA,1 : Cash_and_Derivative_Central_Order_Book,1,3316359,NL0011585146,783199,3A,Euronext Milan,EUR,20240613 08:51:25.862220000,20240613 08:51:24.847000000,20240613 08:51:24.948558240,0,00004398 : J.P. MORGAN SE,624871_1,75873131314545072,1 : New,1,1 : Client,1,2 : Modify,2.0,0,0 : New_Order_Ack,0.0,20240613 08:51:24.774234120,20240613 08:51:24.774238169,2077100000432.0,N,N,N,N,N,N,N,N,N,N,N,N,N,376.6,6346.0,55834676790,,,N,N,Y,N,N,N,20240613 08:51:24.774216621,20240613 08:51:24.774231583,9277885871,1718261484774234120,288.4,1,1 : Buy,1,2 : Limit,2,2077100000432,,0 : Day,0,1,0,,,,,1,N,N,N,N,N,N,N,N,,,,,,,,,,,,,0,,,,20240613 08:51:24.774234120,1,Y,N,N,N,N,N,,,,0,,,,,,2 : Limit,2,,,,,,,,,,,,,,RSZZ,,1,0.0,2 : Matched_principal,2,,,23523.0,1490000016,0.0,,,,,,,,,,,,,,,,,,,,,,,,,,,,,,,,,,,,,,,,1095
2024-06-13T00:00:00.000000000,2EQUFORD,55,0,12006,1875,781491938,1,27590711,12457,MTAA,MTA,1 : Cash_and_Derivative_Central_Order_Book,1,3316359,NL0011585146,783199,3A,Euronext Milan,EUR,20240613 08:51:25.862220000,20240613 08:51:24.847000000,20240613 08:51:24.948642214,0,00004398 : J.P. MORGAN SE,624871_1,75873127019577779,1 : New,1,1 : Client,1,2 : Modify,2.0,0,0 : New_Order_Ack,0.0,20240613 08:51:24.807524618,20240613 08:51:24.807528883,2057100000435.0,N,N,N,N,N,N,N,N,N,N,N,N,N,376.6,6346.0,55834676789,,,N,N,Y,N,N,N,20240613 08:51:24.807507025,20240613 08:51:24.807521781,9294663087,1718261484807524618,288.4,1,1 : Buy,1,2 : Limit,2,2057100000435,,0 : Day,0,1,0,,,,,1,N,N,N,N,N,N,N,N,,,,,,,,,,,,,0,,,,20240613 08:51:24.807524618,1,Y,N,N,N,N,N,,,,0,,,,,,2 : Limit,2,,,,,,,,,,,,,,RSZZ,,1,0.0,2 : Matched_principal,2,,,23523.0,1490000016,0.0,,,,,,,,,,,,,,,,,,,,,,,,,,,,,,,,,,,,,,,,1096
2024-06-13T00:00:00.000000000,2EQUFORD,55,0,12006,1876,781491939,1,27590711,12459,MTAA,MTA,1 : Cash_and_Derivative_Central_Order_Book,1,3316359,NL0011585146,783199,3A,Euronext Milan,EUR,20240613 08:51:25.862220000,20240613 08:51:24.847000000,20240613 08:51:24.948712733,0,00004398 : J.P. MORGAN SE,624871_1,75873131314545073,1 : New,1,1 : Client,1,2 : Modify,2.0,0,0 : New_Order_Ack,0.0,20240613 08:51:24.840743771,20240613 08:51:24.840747922,2077100000433.0,N,N,N,N,N,N,N,N,N,N,N,N,N,376.6,6346.0,55834676790,,,N,N,Y,N,N,N,20240613 08:51:24.840725679,20240613 08:51:24.840740841,9311440303,1718261484840743771,288.4,2,1 : Buy,1,2 : Limit,2,2077100000433,,0 : Day,0,2,0,,,,,2,N,N,N,N,N,N,N,N,,,,,,,,,,,,,0,,,,20240613 08:51:24.840743771,1,Y,N,N,N,N,N,,,,0,,,,,,2 : Limit,2,,,,,,,,,,,,,,RSZZ,,1,0.0,2 : Matched_principal,2,,,23523.0,1490000016,0.0,,,,,,,,,,,,,,,,,,,,,,,,,,,,,,,,,,,,,,,,1097
2024-06-13T00:00:00.000000000,2EQUFORD,55,0,12006,1877,781491940,1,27590711,12461,MTAA,MTA,1 : Cash_and_Derivative_Central_Order_Book,1,3316359,NL0011585146,783199,3A,Euronext Milan,EUR,20240613 08:51:25.862220000,20240613 08:51:24.975000000,20240613 08:51:25.076648691,0,00004398 : J.P. MORGAN SE,624871_1,75873127019577780,1 : New,1,1 : Client,1,2 : Modify,2.0,0,0 : New_Order_Ack,0.0,20240613 08:51:24.874266045,20240613 08:51:24.874270211,2057100000436.0,N,N,N,N,N,N,N,N,N,N,N,N,N,376.6,6346.0,55834676789,,,N,N,Y,N,N,N,20240613 08:51:24.874248373,20240613 08:51:24.874263238,9328217519,1718261484874266045,288.4,1,1 : Buy,1,2 : Limit,2,2057100000436,,0 : Day,0,1,0,,,,,1,N,N,N,N,N,N,N,N,,,,,,,,,,,,,0,,,,20240613 08:51:24.874266045,1,Y,N,N,N,N,N,,,,0,,,,,,2 : Limit,2,,,,,,,,,,,,,,RSZZ,,1,0.0,2 : Matched_principal,2,,,23523.0,1490000016,0.0,,,,,,,,,,,,,,,,,,,,,,,,,,,,,,,,,,,,,,,,1098
2024-06-13T00:00:00.000000000,2EQUFORD,55,0,12006,1878,781491941,1,27590711,12463,MTAA,MTA,1 : Cash_and_Derivative_Central_Order_Book,1,3316359,NL0011585146,783199,3A,Euronext Milan,EUR,20240613 08:51:29.907358000,20240613 08:51:29.709000000,20240613 08:51:29.810343033,0,00004417 : BARCLAYS BANK IRELAND PLC,628759_1,75871305953443897,1 : New,1,1 : Client,1,2 : Modify,2.0,0,0 : New_Order_Ack,0.0,20240613 08:51:29.607585077,20240613 08:51:29.607586872,1015.0,N,N,N,N,N,N,N,N,N,N,N,N,N,377.0,6346.0,55834676365,,,Y,N,N,N,N,N,20240613 08:51:29.607572412,20240613 08:51:29.607582617,9344994735,1718261489607585077,405.9,83,1 : Buy,1,2 : Limit,2,1015,,0 : Day,0,83,0,,,,,83,N,N,N,N,N,N,N,N,,,,,,,,,,,,,0,,,,20240613 08:51:29.607585077,1,Y,N,N,N,N,N,,,,0,,,,,,2 : Limit,2,,,,,,,,,,,,,,,,1,,2 : Matched_principal,2,,,10250181.0,3,0.0,,,,,,,,,,,,,,,,,,,,,,,,,,,,,,,,,,,,,,,,1099
2024-06-13T00:00:00.000000000,2EQUFORD,55,0,12006,1879,781491943,1,27590711,12467,MTAA,MTA,1 : Cash_and_Derivative_Central_Order_Book,1,3316359,NL0011585146,783199,3A,Euronext Milan,EUR,20240613 08:51:31.929003000,20240613 08:51:29.811000000,20240613 08:51:29.911589537,0,00004417 : BARCLAYS BANK IRELAND PLC,628759_1,75871310248411192,1 : New,1,1 : Client,1,2 : Modify,2.0,0,0 : New_Order_Ack,0.0,20240613 08:51:29.708356315,20240613 08:51:29.708357445,1021.0,N,N,N,N,N,N,N,N,N,N,N,N,N,378.0,6346.0,55834676366,,,Y,N,N,N,N,N,20240613 08:51:29.708350217,20240613 08:51:29.708354238,9361771951,1718261489708356315,406.3,83,1 : Buy,1,2 : Limit,2,1021,,0 : Day,0,83,0,,,,,83,N,N,N,N,N,N,N,N,,,,,,,,,,,,,0,,,,20240613 08:51:29.708356315,1,Y,N,N,N,N,N,,,,0,,,,,,2 : Limit,2,,,,,,,,,,,,,,,,1,,2 : Matched_principal,2,,,10250181.0,3,0.0,,,,,,,,,,,,,,,,,,,,,,,,,,,,,,,,,,,,,,,,1100
